-- --------------------------------------------------------
-- Host:                         127.0.0.1
-- Server version:               5.6.21 - MySQL Community Server (GPL)
-- Server OS:                    Win32
-- HeidiSQL Version:             9.5.0.5196
-- --------------------------------------------------------

/*!40101 SET @OLD_CHARACTER_SET_CLIENT=@@CHARACTER_SET_CLIENT */;
/*!40101 SET NAMES utf8 */;
/*!50503 SET NAMES utf8mb4 */;
/*!40014 SET @OLD_FOREIGN_KEY_CHECKS=@@FOREIGN_KEY_CHECKS, FOREIGN_KEY_CHECKS=0 */;
/*!40101 SET @OLD_SQL_MODE=@@SQL_MODE, SQL_MODE='NO_AUTO_VALUE_ON_ZERO' */;


-- Dumping database structure for bmtmasega
CREATE DATABASE IF NOT EXISTS `bmtmasega` /*!40100 DEFAULT CHARACTER SET latin1 */;
USE `bmtmasega`;

-- Dumping structure for table bmtmasega.anggota
CREATE TABLE IF NOT EXISTS `anggota` (
  `id` varchar(255) NOT NULL,
  `nama` varchar(255) NOT NULL,
  `tempat_lahir` varchar(255) DEFAULT NULL,
  `tanggal_lahir` date DEFAULT NULL,
  `jenis_kelamin` varchar(255) DEFAULT NULL,
  `agama` varchar(255) DEFAULT NULL,
  `pekerjaan` varchar(255) DEFAULT NULL,
  `ayah` varchar(255) DEFAULT NULL,
  `ibu` varchar(255) DEFAULT NULL,
  `alamat` varchar(255) DEFAULT NULL,
  `no_hp` varchar(255) DEFAULT NULL,
  PRIMARY KEY (`id`)
) ENGINE=MyISAM DEFAULT CHARSET=latin1 ROW_FORMAT=DYNAMIC;

-- Dumping data for table bmtmasega.anggota: 1.106 rows
/*!40000 ALTER TABLE `anggota` DISABLE KEYS */;
INSERT INTO `anggota` (`id`, `nama`, `tempat_lahir`, `tanggal_lahir`, `jenis_kelamin`, `agama`, `pekerjaan`, `ayah`, `ibu`, `alamat`, `no_hp`) VALUES
	('01-LT-100001', 'DALMIYATI', '-', '2010-01-20', 'wanita', 'Islam', '-', '-', '-', 'WAY GALIH 5B TANJUNG BINTANG LAMSEL', '085788933231'),
	('01-LT-100002', 'IRMAWATI', '-', '2010-01-20', 'wanita', 'Islam', '-', '-', '-', '-', '085788933231'),
	('01-LT-100003', 'FENI LESTARI', '-', '2010-01-20', 'wanita', 'Islam', '-', '-', '-', '-', '085788933231'),
	('01-LT-100004', 'MARYATI', '-', '2010-01-20', 'wanita', 'Islam', '-', '-', '-', '-', '085788933231'),
	('01-LT-100005', 'KUSTIYAH', '-', '2010-01-20', 'wanita', 'Islam', '-', '-', '-', '-', '085788933231'),
	('01-LT-100006', 'LILIK MAWATI', '-', '2010-01-20', 'wanita', 'Islam', '-', '-', '-', '-', '085788933231'),
	('01-LT-100007', 'WINARNI', '-', '2010-01-20', 'wanita', 'Islam', 'ISTRI WAKIL BUPATI LAM-SEL', '-', '-', '-', '085788933231'),
	('01-LT-100008', 'SUPRAPTO', 'WAY GALIH', '2010-01-20', 'pria', 'Islam', 'BENDAHARA DESA WAY GALIH', '-', '-', '-', '085788933231'),
	('01-LT-100009', 'AQILA SCATCHY SETIAWAN', '-', '2010-01-20', 'pria', 'Islam', '-', '-', '-', '-', '085788933231'),
	('01-LT-100010', 'PAGUYUBAN PEMUDA', '-', '2010-01-20', 'pria', 'Islam', '-', '-', '-', '-', '085788933231'),
	('01-LT-100011', 'LUSI LESTARI', '-', '2010-01-20', 'wanita', 'Islam', '-', '-', '-', '-', '085788933231'),
	('01-LT-100012', 'MELIANA', 'WAY GALIH', '2010-01-20', 'wanita', 'Islam', '-', '-', '-', '-', '085788933231'),
	('01-LT-100013', 'ANDRA IKHSANUDIN', 'WAY GALIH', '2010-01-20', 'pria', 'Islam', 'BMT LA TAHZAN', 'M. ABIDIN', 'KUSTIYAH', 'WAY GALIH 5B KEC. TANJUNG BINTANG, KAB. LAM-SEL', '085788933231'),
	('01-LT-100014', 'EVA ROMANTI', 'WAY GALIH', '2010-01-20', 'wanita', 'Islam', '-', 'MARMUDI', '-', 'WAY GALIH 5B', '085788933231'),
	('01-LT-100015', 'NOVI WINANDARA', 'WAY GALIH', '2010-01-20', 'wanita', 'Islam', '-', 'NANANG ERMANTO', 'WINARNI', 'WAY GALIH', '085788933231'),
	('01-LT-100016', 'RENA SUSLINASARI', 'WAY GALIH', '2010-01-20', 'wanita', 'Islam', '-', '-', '-', 'WAY GALIH 5B', '085788933231'),
	('01-LT-100017', 'EVI ANDESPA', 'WAY GALIH', '2010-01-20', 'wanita', 'Islam', '-', '-', '-', '-', '085788933231'),
	('01-LT-100018', 'RISA WINARTI', 'WAY GALIH', '2010-01-20', 'wanita', 'Islam', '-', '-', '-', 'WAY GALIH 5B', '085788933231'),
	('01-LT-100019', 'IPINTANSI', 'WAY GALIH', '2010-01-20', 'wanita', 'Islam', '-', '-', '-', 'WAY GALIH 5B', '085788933231'),
	('01-LT-100020', 'MAWARNI', '-', '2010-01-20', 'wanita', 'Islam', '-', '-', '-', '-', '085788933231'),
	('01-LT-100021', 'LEGIYEM', '-', '2010-01-20', 'wanita', 'Islam', '-', '-', '-', '-', '085788933231'),
	('01-LT-100022', 'RUBISAH', '-', '2010-01-20', 'wanita', 'Islam', '-', '-', '-', '-', '085788933231'),
	('01-LT-100023', 'SULISTRIANI', '-', '2010-01-20', 'wanita', 'Islam', '-', '-', '-', '-', '085788933231'),
	('01-LT-100024', 'MARSINAH', '-', '2010-01-20', 'wanita', 'Islam', '-', '-', '-', '-', '085788933231'),
	('01-LT-100025', 'SUPARNO', '-', '2010-01-20', 'pria', 'Islam', 'MANISAH', '-', '-', '-', '085788933231'),
	('01-LT-100026', 'SUYANTO', '-', '2010-01-20', 'pria', 'Islam', '-', '-', '-', '-', '085788933231'),
	('01-LT-100027', 'NANI GUSNIDA', '-', '2010-01-20', 'wanita', 'Islam', '-', '-', '-', '-', '085788933231'),
	('01-LT-100028', 'TIMI', '-', '2010-01-20', 'wanita', 'Islam', '-', '-', '-', '-', '085788933231'),
	('01-LT-100029', 'YENI APRIYANA', '-', '2010-01-20', 'wanita', 'Islam', '-', '-', '-', '-', '085788933231'),
	('01-LT-100030', 'AYU NURAINI', 'WAY GALIH', '2010-01-20', 'wanita', 'Islam', '-', '-', '-', 'WAY GALIH 5B', '085788933231'),
	('01-LT-100031', 'WIKI NOVIANTI', '-', '2010-01-20', 'wanita', 'Islam', '-', '-', '-', '-', '085788933231'),
	('01-LT-100032', 'SUMINAH', '-', '2010-01-20', 'wanita', 'Islam', '-', '-', '-', '-', '085788933231'),
	('01-LT-100033', 'KASIMAN', '-', '2010-01-20', 'pria', 'Islam', '-', '-', '-', '-', '085788933231'),
	('01-LT-100034', 'KASYATUN', '-', '2010-01-20', 'wanita', 'Islam', '-', 'SIKUN', 'MARSINAH', 'WAY GALIH 5B ', '085788933231'),
	('01-LT-100035', 'DEDI SUPRIYATNA', '-', '2010-01-20', 'pria', 'Islam', '-', '-', '-', '-', '085788933231'),
	('01-LT-100036', 'SHERLY APRIYANI', '-', '2010-01-20', 'wanita', 'Islam', '-', '-', '-', '-', '085788933231'),
	('01-LT-100037', 'UCI NURANI', '-', '2010-01-20', 'wanita', 'Islam', '-', '-', '-', '-', '085788933231'),
	('01-LT-100038', 'MAWARDI', '-', '2010-01-20', 'pria', 'Islam', '-', '-', '-', '-', '085788933231'),
	('01-LT-100039', 'INDAH NURHAYATI', '-', '2010-01-20', 'wanita', 'Islam', '-', '-', '-', '-', '085788933231'),
	('01-LT-100040', 'DWI LESTARI', '-', '2010-01-20', 'wanita', 'Islam', '-', '-', '-', '-', '085788933231'),
	('01-LT-100041', 'NOVITASARI', '-', '2010-01-20', 'wanita', 'Islam', '-', '-', '-', '-', '085788933231'),
	('01-LT-100042', 'SUGITO', '-', '2010-01-20', 'pria', 'Islam', '-', '-', '-', '-', '085788933231'),
	('01-LT-100043', 'SUWAJI', '-', '2010-01-20', 'pria', 'Islam', '-', '-', '-', '-', '085788933231'),
	('01-LT-100044', 'SRI UTAMI', '-', '2010-01-20', 'wanita', 'Islam', '-', '-', '-', '-', '085788933231'),
	('01-LT-100045', 'SUPARMAN', '-', '2010-01-20', 'pria', 'Islam', '-', '-', '-', '-', '085788933231'),
	('01-LT-100046', 'IWAN YUDIANTO', '-', '2010-01-20', 'pria', 'Islam', '-', '-', '-', '-', '085788933231'),
	('01-LT-100047', 'UUK SUPRIYADI', '-', '2010-01-20', 'pria', 'Islam', '-', '-', '-', '-', '085788933231'),
	('01-LT-100048', 'WARIYANTI', '-', '2010-01-20', 'wanita', 'Islam', '-', '-', '-', '-', '085788933231'),
	('01-LT-100049', 'DINA AFRIYANA', '-', '2010-01-20', 'wanita', 'Islam', '-', '-', '-', '-', '085788933231'),
	('01-LT-100050', 'AAN PURWANTO', '-', '2010-01-20', 'pria', 'Islam', '-', '-', '-', '-', '085788933231'),
	('01-LT-100051', 'MARLIANA ERIKA ASTUTI', '-', '2010-01-20', 'wanita', 'Islam', '-', '-', '-', '-', '085788933231'),
	('01-LT-100052', 'SUGIYEM', '-', '2010-01-20', 'wanita', 'Islam', '-', '-', '-', '-', '085788933231'),
	('01-LT-100053', 'KASTATI', '-', '2010-01-20', 'wanita', 'Islam', '-', '-', '-', '-', '085788933231'),
	('01-LT-100054', 'ERPINA', '-', '2010-01-20', 'wanita', 'Islam', '-', '-', '-', '-', '085788933231'),
	('01-LT-100055', 'SUSI LESTARI', '-', '2010-01-20', 'wanita', 'Islam', '-', '-', '-', '-', '085788933231'),
	('01-LT-100056', 'KINAH', '-', '2010-01-20', 'wanita', 'Islam', '-', '-', '-', '-', '085788933231'),
	('01-LT-100057', 'SHEVA/NANI G', '-', '2010-01-20', 'wanita', 'Islam', '-', '-', '-', '-', '085788933231'),
	('01-LT-100058', 'YUYUN WULANDARI', '-', '2010-01-20', 'wanita', 'Islam', '-', '-', '-', '-', '085788933231'),
	('01-LT-100059', 'MARWANTO', '-', '2010-01-20', 'pria', 'Islam', '-', '-', '-', '-', '085788933231'),
	('01-LT-100060', 'WARTIH', '-', '2010-01-20', 'wanita', 'Islam', '-', '-', '-', '-', '085788933231'),
	('01-LT-100061', 'TUGIRIN', '-', '2010-01-20', 'pria', 'Islam', '-', '-', '-', '-', '085788933231'),
	('01-LT-100062', 'SRI UTARI', '-', '2010-01-20', 'wanita', 'Islam', '-', '-', '-', '-', '085788933231'),
	('01-LT-100063', 'AFRIANTO', '-', '2010-01-20', 'pria', 'Islam', '-', '-', '-', '-', '085788933231'),
	('01-LT-100064', 'SUMINAH', '-', '2010-01-20', 'wanita', 'Islam', '-', '-', '-', '-', '085788933231'),
	('01-LT-100065', 'RUBINAH', '-', '2010-01-20', 'wanita', 'Islam', '-', '-', '-', '-', '085788933231'),
	('01-LT-100066', 'SUPARNO', '-', '2010-01-20', 'pria', 'Islam', 'WARUNG', '-', '-', '-', '085788933231'),
	('01-LT-100067', 'SURANI', '-', '2010-01-20', 'pria', 'Islam', '-', '-', '-', '-', '085788933231'),
	('01-LT-100068', 'GIANTORO', '-', '2010-01-20', 'pria', 'Islam', '-', '-', '-', '-', '085788933231'),
	('01-LT-100069', 'SRI MURDIYAWATI', '-', '2010-01-20', 'wanita', 'Islam', '-', '-', '-', '-', '085788933231'),
	('01-LT-100070', 'MARSINI', '-', '2010-01-20', 'wanita', 'Islam', '-', '-', '-', '-', '085788933231'),
	('01-LT-100071', 'TRI ANTIKA', '-', '2010-01-20', 'wanita', 'Islam', '-', '-', '-', '-', '085788933231'),
	('01-LT-100072', 'JUARIAH', '-', '2010-01-20', 'wanita', 'Islam', '-', '-', '-', '-', '085788933231'),
	('01-LT-100073', 'JUMARNI', '-', '2010-01-20', 'wanita', 'Islam', '-', '-', '-', '-', '085788933231'),
	('01-LT-100074', 'SARTINI', '-', '2010-01-20', 'wanita', 'Islam', '-', '-', '-', '-', '085788933231'),
	('01-LT-100075', 'RIRIN KUSUMAWATI', '-', '2010-01-20', 'wanita', 'Islam', '-', '-', '-', '-', '085788933231'),
	('01-LT-100076', 'SYAMSUDIN', '-', '2010-01-20', 'pria', 'Islam', '-', '-', '-', '-', '085788933231'),
	('01-LT-100078', 'JUMILAH', '-', '2010-01-20', 'wanita', 'Islam', '-', '-', '-', '-', '085788933231'),
	('01-LT-100079', 'WELASIH', '-', '2010-01-20', 'wanita', 'Islam', '-', '-', '-', '-', '085788933231'),
	('01-LT-100080', 'TUMIATI', '-', '2010-01-20', 'wanita', 'Islam', '-', '-', '-', '-', '085788933231'),
	('01-LT-100081', 'YUYUN SRIHARWATI', '-', '2010-01-20', 'wanita', 'Islam', '-', '-', '-', '-', '085788933231'),
	('01-LT-100082', 'BISRI NURYANTI', '-', '2010-01-20', 'wanita', 'Islam', '-', '-', '-', '-', '085788933231'),
	('01-LT-100083', 'SURATMI', '-', '2010-01-20', 'wanita', 'Islam', '-', '-', '-', '-', '085788933231'),
	('01-LT-100085', 'GIMAN', '-', '2010-01-20', 'pria', 'Islam', '-', '-', '-', '-', '085788933231'),
	('01-LT-100086', 'SUTI SUKAESIH', '-', '2010-01-20', '--pilih--', 'Islam', '-', '-', '-', '-', '085788933231'),
	('01-LT-100087', 'SUWARDI', '-', '2010-01-20', 'pria', 'Islam', '-', '-', '-', '-', '085788933231'),
	('01-LT-100088', 'FEBRI ARIFIAN DANA', '-', '2010-01-20', 'pria', 'Islam', '-', '-', '-', '-', '085788933231'),
	('01-LT-100089', 'TINI/PARTINI', '-', '2010-01-20', 'wanita', 'Islam', '-', '-', '-', '-', '085788933231'),
	('01-LT-100090', 'KHOIRIYAH', '-', '2010-01-20', 'wanita', 'Islam', '-', '-', '-', '-', '085788933231'),
	('01-LT-100091', 'SUYANTI', '-', '2010-01-20', 'wanita', 'Islam', '-', '-', '-', '-', '085788933231'),
	('01-LT-100092', 'DERLI EKA PRAMITA', '-', '2010-01-20', 'wanita', 'Islam', '-', '-', '-', '-', '085788933231'),
	('01-LT-100093', 'TIARA SELA DEVI', '-', '2010-01-20', 'wanita', 'Islam', '-', '-', '-', '-', '085788933231'),
	('01-LT-100094', 'SRI RAHAYU', '-', '2010-01-20', 'wanita', 'Islam', '-', '-', '-', '-', '085788933231'),
	('01-LT-100095', 'WAINEM', '-', '2010-01-20', 'wanita', 'Islam', '-', '-', '-', '-', '085788933231'),
	('01-LT-100096', 'PIPIN RIANTI', '-', '2010-01-20', 'wanita', 'Islam', '-', '-', '-', '-', '085788933231'),
	('01-LT-100097', 'SUKIRAH', '-', '2010-01-20', 'wanita', 'Islam', '-', '-', '-', '-', '085788933231'),
	('01-LT-100098', 'HERLINA', '-', '2010-01-20', 'wanita', 'Islam', '-', '-', '-', '-', '085788933231'),
	('01-LT-100099', 'YEPI NOVIYANI', '-', '2010-01-20', 'wanita', 'Islam', '-', '-', '-', '-', '085788933231'),
	('01-LT-100100', 'PARIYAH WASTITI', '-', '2010-01-20', 'wanita', 'Islam', '-', '-', '-', '-', '085788933231'),
	('01-LT-100101', 'SIGIT ANGGORO', '-', '2010-01-20', 'pria', 'Islam', '-', '-', '-', '-', '085788933231'),
	('01-LT-100102', 'MUJIYATI', '-', '2010-01-20', 'wanita', 'Islam', '-', '-', '-', '-', '085788933231'),
	('01-LT-100103', 'SAMIYEM', '-', '2010-01-20', 'wanita', 'Islam', '-', '-', '-', '-', '085788933231'),
	('01-LT-100104', 'YULIUS SUPRAPTO', '-', '2010-01-20', 'pria', 'Islam', '-', '-', '-', '-', '085788933231'),
	('01-LT-100105', 'DIRHANSYAH', '-', '2010-01-20', 'pria', 'Islam', '-', '-', '-', '-', '085788933231'),
	('01-LT-100106', 'LILIS ERNAWATI', '-', '2010-01-20', 'wanita', 'Islam', '-', '-', '-', '-', '085788933231'),
	('01-LT-100107', 'WIGA DESTIYANI', '-', '2010-01-20', 'wanita', 'Islam', '-', '-', '-', '-', '085788933231'),
	('01-LT-100108', 'MUJIAH', '-', '2010-01-20', 'wanita', 'Islam', '-', '-', '-', '-', '085788933231'),
	('01-LT-100109', 'SUMARSEH', '-', '2010-01-20', 'wanita', 'Islam', '-', '-', '-', '-', '085788933231'),
	('01-LT-100110', 'SUIMAH', '-', '2010-01-20', 'wanita', 'Islam', '-', '-', '-', '-', '085788933231'),
	('01-LT-100111', 'DESI SUSANTI', '-', '2010-01-20', 'wanita', 'Islam', '-', '-', '-', '-', '085788933231'),
	('01-LT-100112', 'KARMIN/ELA', '-', '2010-01-20', 'pria', 'Islam', '-', '-', '-', '-', '085788933231'),
	('01-LT-100113', 'GIMO', '-', '2010-01-20', 'pria', 'Islam', '-', '-', '--', '-', '085788933231'),
	('01-LT-100114', 'SABAR', '-', '2010-01-20', 'pria', 'Islam', '-', '-', '-', '-', '085788933231'),
	('01-LT-100115', 'THERESIA FUJI HANDAYANI', '-', '2010-01-20', 'wanita', 'Islam', '-', '-', '-', '-', '085788933231'),
	('01-LT-100116', 'SULIADI', '-', '2010-01-20', 'pria', 'Islam', '-', '-', '-', '-', '085788933231'),
	('01-LT-100117', 'WARSINI', '-', '2010-01-20', 'wanita', 'Islam', '-', '-', '-', '-', '085788933231'),
	('01-LT-100118', 'DEWI RITA SAYEKTI', '-', '2010-01-20', 'wanita', 'Islam', '-', '-', '-', '-', '085788933231'),
	('01-LT-100119', 'RIAN HENDRIYANTO', '-', '2010-01-20', 'pria', 'Islam', '-', '-', '-', '-', '085788933231'),
	('01-LT-100120', 'AGUNG DARMINTO', '-', '2010-01-20', 'pria', 'Islam', '-', '-', '-', '-', '085788933231'),
	('01-LT-100121', 'SUMARI', '-', '2010-01-20', 'pria', 'Islam', '-', '-', '-', '-', '085788933231'),
	('01-LT-100122', 'ANA', '-', '2010-01-20', 'wanita', 'Islam', '-', '-', '-', '-', '085788933231'),
	('01-LT-100123', 'ERYANINGSIH', '-', '2010-01-20', 'wanita', 'Islam', '-', '-', '-', '-', '085788933231'),
	('01-LT-100124', 'RIYANTI', '-', '2010-01-20', 'wanita', 'Islam', '-', '-', '-', '-', '085788933231'),
	('01-LT-100125', 'CUCU RUSIANA', '-', '2010-01-20', 'wanita', 'Islam', '-', '-', '-', '-', '085788933231'),
	('01-LT-100126', 'SUNDARI', '-', '2010-01-20', 'wanita', 'Islam', '-', '-', '-', '-', '085788933231'),
	('01-LT-100127', 'PONIRAN', '-', '2010-01-20', 'pria', 'Islam', '-', '-', '-', '-', '085788933231'),
	('01-LT-100128', 'SUKINAH', '-', '2010-01-20', 'wanita', 'Islam', '-', '-', '-', '-', '085788933231'),
	('01-LT-100129', 'SUMIYATI', '-', '2010-01-20', 'wanita', 'Islam', '-', '-', '-', '-', '085788933231'),
	('01-LT-100130', 'PAIJO/AGUS', '-', '2010-01-20', 'pria', 'Islam', '-', '-', '-', '-', '085788933231'),
	('01-LT-100131', 'PUJIWATI', '-', '2010-01-20', 'wanita', 'Islam', '-', '-', '-', '-', '085788933231'),
	('01-LT-100132', 'DARIYEM', '-', '2010-01-20', 'wanita', 'Islam', '-', '-', '-', '-', '085788933231'),
	('01-LT-100133', 'ISYANI', '-', '2010-01-20', 'wanita', 'Islam', '-', '-', '-', '-', '085788933231'),
	('01-LT-100134', 'SUKARTI', '-', '2010-01-20', 'wanita', 'Islam', '-', '-', '-', '-', '085788933231'),
	('01-LT-100135', 'PRESTI METRI NINGSIH', '-', '2010-01-20', 'wanita', 'Islam', '-', '-', '-', '-', '085788933231'),
	('01-LT-100136', 'SRI MUNGSIH', '-', '2010-01-20', 'wanita', 'Islam', '-', '-', '-', '-', '085788933231'),
	('01-LT-100137', 'MANG ANTO', '-', '2010-01-20', 'pria', 'Islam', '-', '-', '-', '-', '085788933231'),
	('01-LT-100138', 'JUMIYATUN', '-', '2010-01-20', 'wanita', 'Islam', '-', '-', '-', '-', '085788933231'),
	('01-LT-100139', 'IKHSAN HIDAYAT ', '-', '2010-01-20', 'pria', 'Islam', '-', '-', '-', '-', '085788933231'),
	('01-LT-100140', 'AGUS RIYANTO', '-', '2010-01-20', 'pria', 'Islam', '-', '-', '-', '-', '085788933231'),
	('01-LT-100141', 'SUPARTI', '-', '2010-01-20', 'wanita', 'Islam', '-', '-', '-', '-', '085788933231'),
	('01-LT-100142', 'PAIRIN', '-', '2010-01-20', 'pria', 'Islam', '-', '-', '-', '-', '085788933231'),
	('01-LT-100143', 'NGATIMIN', '-', '2010-01-20', 'pria', 'Islam', '-', '-', '-', '-', '085788933231'),
	('01-LT-100144', 'SUKARNI', '-', '2010-01-20', 'wanita', 'Islam', '-', '-', '-', '-', '085788933231'),
	('01-LT-100145', 'SALMAN', '-', '2010-01-20', 'pria', 'Islam', '-', '-', '-', '-', '085788933231'),
	('01-LT-100146', 'RIO SANTOSO', '-', '2010-01-20', 'pria', 'Islam', '-', '-', '-', '-', '085788933231'),
	('01-LT-100147', 'ANI OKTARINA', '-', '2010-01-20', 'wanita', 'Islam', '-', '-', '-', '-', '085788933231'),
	('01-LT-100148', 'ENDANG LESTARI', '-', '2010-01-20', 'wanita', 'Islam', '-', '-', '-', '-', '085788933231'),
	('01-LT-100149', 'SUWARTI', '-', '2010-01-20', 'wanita', 'Islam', '-', '-', '-', '-', '085788933231'),
	('01-LT-100150', 'SUMARJINAH', '-', '2010-01-20', 'wanita', 'Islam', '-', '-', '-', '-', '085788933231'),
	('01-LT-100151', 'DWI NURHAYATI', '-', '2010-01-20', 'wanita', 'Islam', '-', '-', '-', '-', '085788933231'),
	('01-LT-100152', 'FERDI/TANTI', '-', '2010-01-20', 'pria', 'Islam', '-', '-', '-', '-', '085788933231'),
	('01-LT-100153', 'SULASTRI', '-', '2010-01-20', 'wanita', 'Islam', '-', '-', '-', '-', '085788933231'),
	('01-LT-100154', 'KANTONG', '-', '2010-01-20', 'pria', 'Islam', '-', '-', '-', '-', '085788933231'),
	('01-LT-100155', 'JOKO MULYONO', '-', '2010-01-20', 'pria', 'Islam', '-', '-', '-', '-', '085788933231'),
	('01-LT-100156', 'SINTA INDAH YANI', '-', '2010-01-20', 'wanita', 'Islam', '-', '-', '-', '-', '085788933231'),
	('01-LT-100157', 'MARYADI', '-', '2010-01-20', 'pria', 'Islam', '-', '-', '-', '-', '085788933231'),
	('01-LT-100158', 'SUKIRMAN', '-', '2010-01-20', 'pria', 'Islam', '-', '-', '-', '-', '085788933231'),
	('01-LT-100159', 'SURYANI BUDI ASTUTI', '-', '2010-01-20', 'wanita', 'Islam', '-', '-', '-', '-', '085788933231'),
	('01-LT-100160', 'NUR NAJMAH', '-', '2010-01-20', 'wanita', 'Islam', '-', '-', '-', '-', '085788933231'),
	('01-LT-100161', 'DARMISAH', '-', '2010-01-20', 'wanita', 'Islam', '-', '-', '-', '-', '085788933231'),
	('01-LT-100162', 'PONIDI', '-', '2010-01-20', 'pria', 'Islam', '-', '-', '-', '-', '085788933231'),
	('01-LT-100163', 'BUANG AFRIANDI', '-', '2010-01-20', 'pria', 'Islam', '-', '-', '-', '-', '085788933231'),
	('01-LT-100164', 'ALBET MAYDIANTORO', '-', '2010-01-20', 'pria', 'Islam', '-', '-', '-', '-', '085788933231'),
	('01-LT-100165', 'OKI IRANA BELA', '-', '2010-01-20', 'wanita', 'Islam', '-', '-', '-', '-', '085788933231'),
	('01-LT-100166', 'ANITA HAYATI', '-', '2010-01-20', 'wanita', 'Islam', '-', '-', '-', '-', '085788933231'),
	('01-LT-100167', 'DESLI BIARTI', '-', '2010-01-20', 'wanita', 'Islam', '-', '-', '-', '-', '085788933231'),
	('01-LT-100168', 'DERLIYANTI', '-', '2010-01-20', 'wanita', 'Islam', '-', '-', '-', '-', '085788933231'),
	('01-LT-100169', 'NURAINI', '-', '2010-01-20', 'wanita', 'Islam', '-', '-', '-', '-', '085788933231'),
	('01-LT-100170', 'LESTARI', '-', '2010-01-20', 'wanita', 'Islam', '-', '-', '-', '-', '085788933231'),
	('01-LT-100171', 'AFRIYAH', '-', '2010-01-20', 'wanita', 'Islam', '-', '-', '-', '-', '085788933231'),
	('01-LT-100172', 'SUKARMAN', '-', '2010-01-20', 'pria', 'Islam', '-', '-', '-', '-', '085788933231'),
	('01-LT-100173', 'MARSUDI', '-', '2010-01-20', 'pria', 'Islam', '-', '-', '-', '-', '085788933231'),
	('01-LT-100174', 'RUSTAM SAMTIKO', '-', '2010-01-20', 'pria', 'Islam', '-', '-', '-', '-', '085788933231'),
	('01-LT-100175', 'BERI HAZWIN', '-', '2010-01-20', 'pria', 'Islam', '-', '-', '-', '-', '085788933231'),
	('01-LT-100176', 'DIANA RIFIA', '-', '2010-01-20', 'wanita', 'Islam', '-', '-', '-', '-', '085788933231'),
	('01-LT-100177', 'ELVA YUSMINA', '-', '2010-01-20', 'wanita', 'Islam', '-', '-', '-', '-', '085788933231'),
	('01-LT-100178', 'AKHINA', '-', '2010-01-20', 'wanita', 'Islam', '-', '-', '-', '-', '085788933231'),
	('01-LT-100179', 'NANUSMAN', '-', '2010-01-20', 'pria', 'Islam', '-', '-', '-', '-', '085788933231'),
	('01-LT-100180', 'ZAINAB', '-', '2010-01-20', 'wanita', 'Islam', '-', '-', '-', '-', '085788933231'),
	('01-LT-100181', 'NURLAILA', '-', '2010-01-20', 'wanita', 'Islam', '-', '-', '-', '-', '085788933231'),
	('01-LT-100182', 'ENDI YANTO', '-', '2010-01-20', 'pria', 'Islam', '-', '-', '-', '-', '085788933231'),
	('01-LT-100183', 'KASMINI', '-', '2010-01-20', 'wanita', 'Islam', '-', '-', '-', '-', '085788933231'),
	('01-LT-100184', 'NGAJIONO', '-', '2010-01-20', 'pria', 'Islam', '-', '-', '-', '-', '085788933231'),
	('01-LT-100185', 'KHOIRUL MUAWANAH', '-', '2010-01-20', 'pria', 'Islam', '-', '-', '-', '-', '085788933231'),
	('01-LT-100186', 'EKO PRASETYO', '-', '2010-01-20', 'pria', 'Islam', '-', '-', '-', '-', '085788933231'),
	('01-LT-100187', 'RENI SUSANTI', '-', '2010-01-20', 'wanita', 'Islam', '-', '-', '-', '-', '085788933231'),
	('01-LT-100188', 'USMAWATI', '-', '2010-01-20', 'wanita', 'Islam', '-', '-', '-', '-', '085788933231'),
	('01-LT-100189', 'SRI SEKAR WULANDARI', '-', '2010-01-20', 'wanita', 'Islam', '-', '-', '-', '-', '085788933231'),
	('01-LT-100190', 'JUMITUN', '-', '2010-01-20', 'wanita', 'Islam', '-', '-', '-', '-', '085788933231'),
	('01-LT-100191', 'SUYANTI', '-', '2010-01-20', 'wanita', 'Islam', '-', '-', '-', '-', '085788933231'),
	('01-LT-100192', 'SULASTRI', '-', '2010-01-20', 'wanita', 'Islam', '-', '-', '-', '-', '085788933231'),
	('01-LT-100193', 'MARSINI', '-', '2010-01-20', 'wanita', 'Islam', '-', '-', '-', '-', '085788933231'),
	('01-LT-100194', 'MAILIN KURNIAWATI', '-', '2010-01-20', 'wanita', 'Islam', '-+', '--', '-', '-', '085788933231'),
	('01-LT-100195', 'SURATMAN', '-', '2010-01-20', 'pria', 'Islam', '-', '-', '-', '-', '085788933231'),
	('01-LT-100196', 'KARTONO', '-', '2010-01-20', 'pria', 'Islam', '-', '-', '-', '-', '085788933231'),
	('01-LT-100197', 'RENITA AGUSTINA', '-', '2010-01-20', 'wanita', 'Islam', '-', '-', '-', '-', '085788933231'),
	('01-LT-100198', 'YESINTA OVILANI', '-', '2010-01-20', 'wanita', 'Islam', '-', '-', '-', '-', '085788933231'),
	('01-LT-100199', 'AJENG/HETI', '-', '2010-01-20', 'wanita', 'Islam', '-', '-', '-', '-', '085788933231'),
	('01-LT-100200', 'SITI ROKHMAHMANFAATI', '-', '2010-01-20', 'wanita', 'Islam', '-', '-', '-', '-', '085788933231'),
	('01-LT-100201', 'AMINAH', '-', '2010-01-20', 'wanita', 'Islam', '-', '-', '-', '-', '085788933231'),
	('01-LT-100202', 'SUSIANI', '-', '2010-01-20', 'wanita', 'Islam', '-', '-', '-', '-', '085788933231'),
	('01-LT-100203', 'SRI AGUSTINA', '-', '2010-01-20', 'wanita', 'Islam', '-', '-', '-', '-', '085788933231'),
	('01-LT-100204', 'NANDA GITA AMELIA', '-', '2010-01-20', 'wanita', 'Islam', '-', '-', '-', '-', '085788933231'),
	('01-LT-100205', 'NANDA RAFA FEBRIAN', '-', '2010-01-20', 'pria', 'Islam', '-', '-', '-', '-', '085788933231'),
	('01-LT-100206', 'NANDA RIFA AYU PRATIWI', '-', '2010-01-20', 'wanita', 'Islam', '-', '-', '-', '-', '085788933231'),
	('01-LT-100207', 'TIARA MELANI PUTRI', '-', '2010-01-20', 'wanita', 'Islam', '-', '-', '-', '-', '085788933231'),
	('01-LT-100208', 'WISNU WIDATI', '-', '2010-01-20', 'wanita', 'Islam', '-', '-', '-', '-', '085788933231'),
	('01-LT-100209', 'DANI HARDIANTO', '-', '2010-01-20', 'pria', 'Islam', '-', '-', '-', '-', '085788933231'),
	('01-LT-100210', 'ANA YULIANA', '-', '2010-01-20', 'wanita', 'Islam', '-', '-', '-', '-', '085788933231'),
	('01-LT-100211', 'SETIA TARI', '-', '2010-01-20', 'wanita', 'Islam', '-', '-', '-', '-', '085788933231'),
	('01-LT-100212', 'EKO SUSANTO', '-', '2010-01-20', 'pria', 'Islam', '-', '-', '-', '-', '085788933231'),
	('01-LT-100213', 'FATONAH', '-', '2010-01-20', 'wanita', 'Islam', '-', '-', '-', '-', '085788933231'),
	('01-LT-100214', 'SUBAGIO', '-', '2010-01-20', 'pria', 'Islam', '-', '-', '-', '-', '085788933231'),
	('01-LT-100215', 'RAFA/UCI NURAINI', '-', '2010-01-20', 'pria', 'Islam', '-', 'SURATMAN', 'UCI NURAINI', 'WAYGALIH', '085788933231'),
	('01-LT-100216', 'LEGINO', '-', '2010-01-20', 'pria', 'Islam', '-', '-', '-', '-', '085788933231'),
	('01-LT-100217', 'SUDIYO', '-', '2010-01-20', 'pria', 'Islam', '-', '-', '-', '-', '085788933231'),
	('01-LT-100218', 'DWI NOVIANTO', '-', '2010-01-20', 'pria', 'Islam', '-', '-', '-', '-', '085788933231'),
	('01-LT-100219', 'YULI PURNOMO', '-', '2010-01-20', 'pria', 'Islam', '-', '-', '-', '-', '085788933231'),
	('01-LT-100220', 'KHOIRUL ANWAR', '-', '2010-01-20', 'pria', 'Islam', '-', '-', '-', '-', '085788933231'),
	('01-LT-100221', 'NOVITA BIAN', '-', '2010-01-20', 'wanita', 'Islam', '-', '-', '-', '-', '085788933231'),
	('01-LT-100222', 'SAWINEM', '-', '2010-01-20', 'wanita', 'Islam', '-', '-', '-', '-', '085788933231'),
	('01-LT-100223', 'SUTARNI', '-', '2010-01-20', 'wanita', 'Islam', '-', '-', '-', '-', '085788933231'),
	('01-LT-100224', 'YUNI PURNOMO', '-', '2010-01-20', 'pria', 'Islam', '-', '-', '-', '-', '085788933231'),
	('01-LT-100225', 'WIWIT', '-', '2010-01-20', 'wanita', 'Islam', '-', '-', '-', '-', '085788933231'),
	('01-LT-100226', 'SUMARSIH', '-', '2010-01-20', 'wanita', 'Islam', '-', '-', '-', '-', '085788933231'),
	('01-LT-100227', 'NURJANAH', '-', '2010-01-20', 'wanita', 'Islam', '-', '-', '-', '-', '085788933231'),
	('01-LT-100228', 'FATMAWATI', '-', '2010-01-20', 'wanita', 'Islam', '-', '-', '-', '-', '085788933231'),
	('01-LT-100229', 'PONIKEM', '-', '2010-01-20', 'wanita', 'Islam', '-', '-', '-', '-', '085788933231'),
	('01-LT-100230', 'WARSINEM', '-', '2010-01-20', 'wanita', 'Islam', '-', '-', '-', '-', '085788933231'),
	('01-LT-100231', 'LINDAWATI', '-', '2010-01-20', 'wanita', 'Islam', '-', '-', '-', '-', '085788933231'),
	('01-LT-100232', 'SARTINI/ILHAM', '-', '2010-01-20', 'wanita', 'Islam', '-', '-', '-', '-', '085788933231'),
	('01-LT-100233', 'DENI PRASETIYO', '-', '2010-01-20', 'pria', 'Islam', '-', '-', '-', '-', '085788933231'),
	('01-LT-100234', 'SUNARMIN', '-', '2010-01-20', 'pria', 'Islam', '-', '-', '-', '-', '085788933231'),
	('01-LT-100235', 'JUHAYATI', '-', '2010-01-20', 'wanita', 'Islam', '-', '-', '-', '-', '085788933231'),
	('01-LT-100236', 'RISKI AMALIA RAHAYU', '-', '2010-01-20', 'wanita', 'Islam', '-', '-', '-', '-', '085788933231'),
	('01-LT-100237', 'NABELA AGUSTIN A', '-', '2010-01-20', 'wanita', 'Islam', '-', '-', '-', '-', '085788933231'),
	('01-LT-100238', 'PONIJAN', '-', '2010-01-20', 'pria', 'Islam', '-', '-', '-', '-', '085788933231'),
	('01-LT-100239', 'WININGSIH', '-', '2010-01-20', 'wanita', 'Islam', '-', '-', '-', '-', '085788933231'),
	('01-LT-100240', 'SUPARNO', '-', '2010-01-20', 'pria', 'Islam', 'TUKANG OJEK', '-', '-', '-', '085788933231'),
	('01-LT-100241', 'ARIYANTO', '-', '2010-01-20', 'pria', 'Islam', '-', '-', '-', '-', '085788933231'),
	('01-LT-100242', 'DESI JUMILA SARI', '-', '2010-01-20', 'wanita', 'Islam', '-', '-', '-', '-', '085788933231'),
	('01-LT-100243', 'JUNAWAN', '-', '2010-01-20', 'pria', 'Islam', '-', '-', '-', '-', '085788933231'),
	('01-LT-100244', 'ROSDAWATI', '-', '2010-01-20', 'wanita', 'Islam', '-', '-', '-', '-', '085788933231'),
	('01-LT-100245', 'FADHIL DANVARTA', '-', '2010-01-20', 'pria', 'Islam', '-', '-', '-', '-', '085788933231'),
	('01-LT-100246', 'PRAYITNO', '-', '2010-01-20', 'pria', 'Islam', '-', '-', '-', '-', '085788933231'),
	('01-LT-100247', 'MAYA CINDY CANTIKA', '-', '2010-01-20', 'wanita', 'Islam', '-', '-', '-', '-', '085788933231'),
	('01-LT-100248', 'NGASIBAH', '-', '2010-01-20', 'wanita', 'Islam', '-', '-', '-', '-', '085788933231'),
	('01-LT-100249', 'TEGUH SUSELO', '-', '2010-01-20', 'pria', 'Islam', '-', '-', '-', '-', '085788933231'),
	('01-LT-100250', 'SARI KECILYAWATI', '-', '2010-01-20', 'wanita', 'Islam', '-', '-', '-', '-', '085788933231'),
	('01-LT-100251', 'EGA/KASYATUN', '-', '2010-01-20', 'wanita', 'Islam', '-', '-', '-', '-', '085788933231'),
	('01-LT-100252', 'HARYANTO', '-', '2010-01-20', 'pria', 'Islam', '-', '-', '-', '-', '085788933231'),
	('01-LT-100253', 'MUHAMAD ABIDIN', '-', '2010-01-20', 'pria', 'Islam', '-', '-', '-', '-', '085788933231'),
	('01-LT-100254', 'TRIONO', '-', '2010-01-20', 'pria', 'Islam', '-', '-', '-', '-', '085788933231'),
	('01-LT-100255', 'FITRI SULASTRI', '-', '2010-01-20', 'wanita', 'Islam', '-', '-', '-', '-', '085788933231'),
	('01-LT-100256', 'PRIATI', '-', '2010-01-20', 'wanita', 'Islam', '-', '-', '-', '-', '085788933231'),
	('01-LT-100257', 'SUWARNI', '-', '2010-01-20', 'wanita', 'Islam', '-', '-', '-', '-', '085788933231'),
	('01-LT-100258', 'ASIH NGATININGSIH', '-', '2010-01-20', 'wanita', 'Islam', '-', '-', '-', '-', '085788933231'),
	('01-LT-100259', 'SUMARNI', '-', '2010-01-20', 'wanita', 'Islam', '-', '-', '-', '-', '085788933231'),
	('01-LT-100260', 'PAYEM', '-', '2010-01-20', 'wanita', 'Islam', '-', '-', '-', '-', '085788933231'),
	('01-LT-100261', 'PUJI PRIYATI', '-', '2010-01-20', 'wanita', 'Islam', '-', '-', '-', '-', '085788933231'),
	('01-LT-100262', 'MUJI RAHAYU', '-', '2010-01-20', 'wanita', 'Islam', '-', '-', '-', '-', '085788933231'),
	('01-LT-100263', 'RIANA NOVIANTI', '-', '2010-01-20', 'wanita', 'Islam', '-', '-', '--', '-', '085788933231'),
	('01-LT-100264', 'SRI PONIASIH', '-', '2010-01-20', 'wanita', 'Islam', '-', '-', '-', '-', '085788933231'),
	('01-LT-100265', 'DIAN AMPERANI', '-', '2010-01-20', 'wanita', 'Islam', '-', '-', '-', '-', '085788933231'),
	('01-LT-100266', 'DWI ISNARTI', '-', '2010-01-20', 'wanita', 'Islam', '-', '-', '--', '-', '085788933231'),
	('01-LT-100267', 'AGUS SURYANTO', '-', '2010-01-20', 'pria', 'Islam', '-', '-', '-', '-', '085788933231'),
	('01-LT-100268', 'SODIKIN', '-', '2010-01-20', 'pria', 'Islam', '-', '-', '-', '-', '085788933231'),
	('01-LT-100269', 'WASINAH', '-', '2010-01-20', 'wanita', 'Islam', '-', '-', '-', '-', '085788933231'),
	('01-LT-100270', 'SRI INDARTI', '-', '2010-01-20', 'wanita', 'Islam', '-', '-', '-', '-', '085788933231'),
	('01-LT-100271', 'NURHAYATI SUKADI', '-', '2010-01-20', 'wanita', 'Islam', '-', '-', '-', '-', '085788933231'),
	('01-LT-100272', 'WINARTI EKA SARI', '-', '2010-01-20', 'wanita', 'Islam', '-', '-', '-', '-', '085788933231'),
	('01-LT-100273', 'SYARIAH', '-', '2010-01-20', 'wanita', 'Islam', '-', '-', '-', '-', '085788933231'),
	('01-LT-100274', 'SUMARSIH', '-', '2010-01-20', 'wanita', 'Islam', '-', '-', '-', '-', '085788933231'),
	('01-LT-100275', 'UVERA SUSANTI', '-', '2010-01-20', 'wanita', 'Islam', '-', '-', '-', '-', '085788933231'),
	('01-LT-100276', 'SITI MARHAMAH', '-', '2010-01-20', 'wanita', 'Islam', '-', '-', '-', '-', '085788933231'),
	('01-LT-100277', 'DETI ANDRIYANI', '-', '2010-01-20', 'wanita', 'Islam', '-', '-', '-', '-', '085788933231'),
	('01-LT-100278', 'RINA FITRIANA', '-', '2010-01-20', 'wanita', 'Islam', '-', '-', '-', '-', '085788933231'),
	('01-LT-100279', 'DEDAH', '-', '2010-01-20', 'wanita', 'Islam', '-', '-', '-', '-', '085788933231'),
	('01-LT-100280', 'PURWANINGSIH', '-', '2010-01-20', 'wanita', 'Islam', '-', '-', '-', '-', '085788933231'),
	('01-LT-100281', 'ALDHI ZAINI', '-', '2010-01-20', 'pria', 'Islam', '-', '-', '-', '-', '085788933231'),
	('01-LT-100282', 'SUHARSONO', '-', '2010-01-20', 'pria', 'Islam', '-', '-', '-', '-', '085788933231'),
	('01-LT-100283', 'CHIKA NURSAFITRI', '-', '2010-01-20', 'wanita', 'Islam', '-', '-', '-', '-', '085788933231'),
	('01-LT-100284', 'RAHADIAN', '-', '2010-01-20', 'pria', 'Islam', '-', '-', '-', '-', '085788933231'),
	('01-LT-100285', 'SULASTRI', '-', '2010-01-20', 'wanita', 'Islam', '-', '-', '-', '-', '085788933231'),
	('01-LT-100286', 'HARLIANTO', '-', '2010-01-20', 'pria', 'Islam', '-', '-', '-', '-', '085788933231'),
	('01-LT-100287', 'RENI ANITA', '-', '2010-01-20', 'wanita', 'Islam', '-', '-', '-', '-', '085788933231'),
	('01-LT-100288', 'NURFAWATI', '-', '2010-01-20', 'wanita', 'Islam', '-', '-', '-', '-', '085788933231'),
	('01-LT-100289', 'RESTI FEBRIANI', 'WAY GALIH', '2010-01-20', 'wanita', 'Islam', 'F/O BMT LA TAHZAN', '-', '-', 'WAY GALIH 5B KEC. TANJUNG BINTANG KAB. LAMPUNG SELATAN', '085788933231'),
	('01-LT-100290', 'ANDRE AGUSTINA', '-', '2010-01-20', 'wanita', 'Islam', '-', '-', '-', '-', '085788933231'),
	('01-LT-100291', 'WAGIMIN', '-', '2010-01-20', 'pria', 'Islam', '-', '-', '-', '-', '085788933231'),
	('01-LT-100292', 'PANIO', '-', '2010-01-20', 'pria', 'Islam', '-', '-', '-', '-', '085788933231'),
	('01-LT-100293', 'KASIYEM', '-', '2010-01-20', 'wanita', 'Islam', '-', '-', '-', '-', '085788933231'),
	('01-LT-100294', 'BUDIYANTO', '-', '2010-01-20', 'pria', 'Islam', '-', '-', '-', '-', '085788933231'),
	('01-LT-100295', 'MARSONO/HARTANTI', '-', '2010-01-20', 'pria', 'Islam', '-', '-', '-', '-', '085788933231'),
	('01-LT-100296', 'MARYATI', '-', '2010-01-20', 'wanita', 'Islam', '-', '-', '-', '-', '085788933231'),
	('01-LT-100297', 'TRIANINGSIH', '-', '2010-01-20', 'wanita', 'Islam', '-', '-', '-', '-', '085788933231'),
	('01-LT-100298', 'MASRUROH', '-', '2010-01-20', 'wanita', 'Islam', '-', '-', '-', '-', '085788933231'),
	('01-LT-100299', 'SUYONO/HONYOK', '-', '2010-01-20', 'pria', 'Islam', '-', '-', '-', '-', '085788933231'),
	('01-LT-100300', 'NGATIRAH', '-', '2010-01-20', 'wanita', 'Islam', '-', '-', '-', '-', '085788933231'),
	('01-LT-100301', 'ERNAWATI', '-', '2010-01-20', 'wanita', 'Islam', '-', '-', '-', '-', '085788933231'),
	('01-LT-100302', 'SURANTO', '-', '2010-01-20', 'pria', 'Islam', '-', '-', '-', '-', '085788933231'),
	('01-LT-100303', 'AHMAD EFENDI,S.H', '-', '2010-01-20', 'pria', 'Islam', '-', '-', '-', '-', '085788933231'),
	('01-LT-100304', 'ASEP YUSNAIDI', '-', '2010-01-20', 'pria', 'Islam', '-', '-', '-', '-', '085788933231'),
	('01-LT-100305', 'MARYANI', '-', '2010-01-20', 'wanita', 'Islam', '-', '-', '-', '-', '085788933231'),
	('01-LT-100306', 'MUHAMAD HASAN', '-', '2010-01-20', 'pria', 'Islam', '-', '-', '-', '-', '085788933231'),
	('01-LT-100307', 'AGUS PURNAWAN', '-', '2010-01-20', 'pria', 'Islam', '-', '-', '-', '-', '085788933231'),
	('01-LT-100308', 'RUJUK', '-', '2010-01-20', 'pria', 'Islam', '-', '-', '-', '-', '085788933231'),
	('01-LT-100309', 'DIAH AYU SEPTIANI', '-', '2010-01-20', 'wanita', 'Islam', '-', '-', '-', '-', '085788933231'),
	('01-LT-100310', 'SUMILAH', '-', '2010-01-20', 'wanita', 'Islam', '-', '-', '-', '-', '085788933231'),
	('01-LT-100311', 'SUHARYONO/MISTER', '-', '2010-01-20', 'pria', 'Islam', '-', '-', '-', '-', '085788933231'),
	('01-LT-100312', 'AMAN SUSANTO', '-', '2010-01-20', 'pria', 'Islam', '-', '-', '-', '-', '085788933231'),
	('01-LT-100313', 'SARMI', '-', '2010-01-20', 'wanita', 'Islam', '-', '-', '-', '-', '085788933231'),
	('01-LT-100314', 'YAINEM', '-', '2010-01-20', 'wanita', 'Islam', '-', '-', '-', '-', '085788933231'),
	('01-LT-100315', 'DINI MARVIA SARI', '-', '2010-01-20', 'wanita', 'Islam', '-', '-', '-', '-', '085788933231'),
	('01-LT-100316', 'SARI WAHYUNINGSIH', '-', '2010-01-20', 'wanita', 'Islam', '-', '-', '-', '-', '085788933231'),
	('01-LT-100317', 'SULY', '-', '2010-01-20', 'wanita', 'Islam', '-', '-', '-', '-', '085788933231'),
	('01-LT-100318', 'PUJI LESTARI', '-', '2010-01-20', 'wanita', 'Islam', '-', '-', '-', '-', '085788933231'),
	('01-LT-100319', 'ANDINI', '-', '2010-01-20', 'wanita', 'Islam', '-', '-', '-', '-', '085788933231'),
	('01-LT-100320', 'WAGIMIN L', '-', '2010-01-20', 'pria', 'Islam', '-', '-', '-', '-', '085788933231'),
	('01-LT-100321', 'SUPANDI', '-', '2010-01-20', 'pria', 'Islam', '-', '-', '-', '-', '085788933231'),
	('01-LT-100322', 'NGATINI', '-', '2010-01-20', 'wanita', 'Islam', '-', '-', '-', '-', '085788933231'),
	('01-LT-100323', 'TURIYEM', '-', '2010-01-20', 'pria', 'Islam', '-', '-', '-', '-', '085788933231'),
	('01-LT-100324', 'FERNANDES TEGO', '-', '2010-01-20', 'pria', 'Islam', '-', '-', '-', '-', '085788933231'),
	('01-LT-100325', 'FITRI SUNDARI', '-', '2010-01-20', 'wanita', 'Islam', '-', '-', '-', '-', '085788933231'),
	('01-LT-100326', 'RANI AGUSTINA', '-', '2010-01-20', 'wanita', 'Islam', '-', '-', '-', '-', '085788933231'),
	('01-LT-100327', 'SUTIYA NINGSIH', '-', '2010-01-20', 'wanita', 'Islam', '-', '-', '-', '-', '085788933231'),
	('01-LT-100328', 'ENDANG RIYADI', '-', '2010-01-20', 'wanita', 'Islam', '-', '-', '-', '-', '085788933231'),
	('01-LT-100329', 'UBAYDILLAH ARIF', '-', '2010-01-20', 'pria', 'Islam', '-', '-', '-', '-', '085788933231'),
	('01-LT-100330', 'SUPRIATI', '-', '2010-01-20', 'wanita', 'Islam', '-', '-', '-', '-', '085788933231'),
	('01-LT-100331', 'SIGIT KAMSENO', '-', '2010-01-20', 'pria', 'Islam', '-', '-', '-', '-', '085788933231'),
	('01-LT-100332', 'YETI ASTRI MULYANA', '-', '2010-01-20', 'wanita', 'Islam', '-', '-', '-', '-', '085788933231'),
	('01-LT-100333', 'AGUS TRIYANI', '-', '2010-01-20', 'wanita', 'Islam', '-', '-', '-', '-', '085788933231'),
	('01-LT-100334', 'MARMUDI', '-', '2010-01-20', 'pria', 'Islam', '-', '-', '-', '-', '085788933231'),
	('01-LT-100335', 'MARSONO', '-', '2010-01-20', 'pria', 'Islam', '-', '-', '-', '-', '085788933231'),
	('01-LT-100336', 'CHINTIA WILIANA', '-', '2010-01-20', 'wanita', 'Islam', '-', '-', '-', '-', '085788933231'),
	('01-LT-100337', 'DARYANTI', '-', '2010-01-20', 'wanita', 'Islam', '-', '-', '-', '-', '085788933231'),
	('01-LT-1003370', 'YULIA ISTIARNI', '-', '2010-01-20', 'wanita', 'Islam', '-', '-', '-', '-', '085788933231'),
	('01-LT-100338', 'SUYATMI', '-', '2010-01-20', 'wanita', 'Islam', '-', '-', '-', '-', '085788933231'),
	('01-LT-100339', 'LINDA MAYA SARI', '-', '2010-01-20', 'wanita', 'Islam', '-', '-', '-', '-', '085788933231'),
	('01-LT-100340', 'SUPRIANTO', '-', '2010-01-20', 'pria', 'Islam', '-', '-', '-', '-', '085788933231'),
	('01-LT-100341', 'RENA WATI', '-', '2010-01-20', 'wanita', 'Islam', '-', '-', '-', '-', '085788933231'),
	('01-LT-100342', 'MUTIARA SAPUTRI', '-', '2010-01-20', 'wanita', 'Islam', '-', '-', '-', '-', '085788933231'),
	('01-LT-100343', 'ERNAWATI', '-', '2010-01-20', 'wanita', 'Islam', '-', '-', '-', '-', '085788933231'),
	('01-LT-100344', 'ALINDA BUKHORI', '-', '2010-01-20', 'pria', 'Islam', '-', '-', '-', '-', '085788933231'),
	('01-LT-100345', 'JOKO WIRYANTO', '-', '2010-01-20', 'pria', 'Islam', '-', '-', '-', '-', '085788933231'),
	('01-LT-100346', 'SUWARTI', '-', '2010-01-20', 'wanita', 'Islam', '-', '-', '-', '-', '085788933231'),
	('01-LT-100347', 'MINARTI', '-', '2010-01-20', 'wanita', 'Islam', '-', '-', '-', '-', '085788933231'),
	('01-LT-100348', 'NOVA NURHAKIM', '-', '2010-01-20', 'pria', 'Islam', '-', '-', '-', '-', '085788933231'),
	('01-LT-100349', 'DEWI ANDRIYANI', '-', '2010-01-20', 'wanita', 'Islam', '-', '-', '-', '-', '085788933231'),
	('01-LT-100350', 'DEDI INDRA SAPUTRA', '-', '2010-01-20', 'pria', 'Islam', '-', '-', '-', '-', '085788933231'),
	('01-LT-100351', 'PAUD KARTINI', '-', '2010-01-20', 'wanita', 'Islam', '-', '-', '-', '-', '085788933231'),
	('01-LT-100352', 'ERDI ARIFIANDANA', '-', '2010-01-20', 'pria', 'Islam', '-', '-', '-', '-', '085788933231'),
	('01-LT-100353', 'AHMAD ROMANSYAH', '-', '2010-01-20', 'pria', 'Islam', '-', '-', '-', '-', '085788933231'),
	('01-LT-100354', 'PAWIT', '-', '2010-01-20', 'pria', 'Islam', '-', '-', '-', '-', '085788933231'),
	('01-LT-100355', 'SUNARSIH', '-', '2010-01-20', 'wanita', 'Islam', '-', '-', '-', '-', '085788933231'),
	('01-LT-100356', 'SUGIARTI', '-', '2010-01-20', 'wanita', 'Islam', '-', '-', '-', '-', '085788933231'),
	('01-LT-100357', 'YANA NINGSIH', '-', '2010-01-20', 'wanita', 'Islam', '-', '-', '-', '-', '085788933231'),
	('01-LT-100358', 'NURHAYANI', '-', '2010-01-20', 'wanita', 'Islam', '-', '-', '-', '-', '085788933231'),
	('01-LT-100359', 'HARIYANTI', '-', '2010-01-20', 'wanita', 'Islam', '-', '-', '-', '-', '085788933231'),
	('01-LT-100360', 'RIKO JEMI KANO', '-', '2010-01-20', 'pria', 'Islam', '-', '-', '-', '-', '085788933231'),
	('01-LT-100361', 'SUKISNO', '-', '2010-01-20', 'pria', 'Islam', '-', '-', '-', '-', '085788933231'),
	('01-LT-100362', 'YOSA DAPALEN ARDIANSYAH', '-', '2010-01-20', 'pria', 'Islam', '-', '-', '-', '-', '085788933231'),
	('01-LT-100363', 'WIDARTI', '-', '2010-01-20', 'wanita', 'Islam', '-', '-', '-', '-', '085788933231'),
	('01-LT-100364', 'NOVIANTO', '-', '2010-01-20', 'pria', 'Islam', '-', '-', '-', '-', '085788933231'),
	('01-LT-100365', 'PONIJO', '-', '2010-01-20', 'pria', 'Islam', '-', '-', '-', '-', '085788933231'),
	('01-LT-100366', 'ERIANSYAH HIDAYAT', '-', '2010-01-20', 'pria', 'Islam', '-', '-', '-', '-', '085788933231'),
	('01-LT-100367', 'SUFIRMAN', '-', '2010-01-20', 'pria', 'Islam', '-', '-', '-', '-', '085788933231'),
	('01-LT-100368', 'SUGIATI', '-', '2010-01-20', 'wanita', 'Islam', '-', '-', '-', '-', '085788933231'),
	('01-LT-100369', 'PRATIWI', '-', '2010-01-20', 'wanita', 'Islam', '-', '-', '-', '-', '085788933231'),
	('01-LT-100371', 'ARIYANTO', '-', '2010-01-20', 'pria', 'Islam', '-', '-', '-', '-', '085788933231'),
	('01-LT-100372', 'FIFI FEBRIANA', '-', '2010-01-20', 'wanita', 'Islam', '-', '-', '-', '-', '085788933231'),
	('01-LT-100373', 'AMANDA EKA INDRIANI', '-', '2010-01-20', 'wanita', 'Islam', '-', '-', '-', '-', '085788933231'),
	('01-LT-100374', 'SEPTI ROMANI YUNITA', '-', '2010-01-20', 'wanita', 'Islam', '-', '-', '-', '-', '085788933231'),
	('01-LT-100375', 'NOVA IRA PUSPITA SARI', '-', '2010-01-20', 'wanita', 'Islam', '-', '-', '-', '-', '085788933231'),
	('01-LT-100376', 'AMANDA SULIANINGSIH', '-', '2010-01-20', 'wanita', 'Islam', '-', '-', '-', '-', '085788933231'),
	('01-LT-100377', 'CITRA AGUSTIN', '-', '2010-01-20', 'wanita', 'Islam', '-', '-', '-', '-', '085788933231'),
	('01-LT-100378', 'KUSTINA', '-', '2010-01-20', 'wanita', 'Islam', '-', '-', '-', '-', '085788933231'),
	('01-LT-100379', 'RENITA WAHYUNI', '-', '2010-01-20', 'wanita', 'Islam', '-', '-', '-', '-', '085788933231'),
	('01-LT-100380', 'IRMA ILASMAWATI', '-', '2010-01-20', 'wanita', 'Islam', '-', '-', '-', '-', '085788933231'),
	('01-LT-100381', 'NITA SAPTIANA', '-', '2010-01-20', 'wanita', 'Islam', '-', '-', '-', '-', '085788933231'),
	('01-LT-100382', 'IMELDA GUSTINA', '-', '2010-01-20', 'wanita', 'Islam', '-', '-', '-', '-', '085788933231'),
	('01-LT-100383', 'SIWI NURBAITI', '-', '2010-01-20', 'wanita', 'Islam', '-', '-', '-', '-', '085788933231'),
	('01-LT-100384', 'TRIA MAYLINA', '-', '2010-01-20', 'wanita', 'Islam', '-', '-', '-', '-', '085788933231'),
	('01-LT-100385', 'SELA MARISKA', '-', '2010-01-20', 'wanita', 'Islam', '-', '-', '-', '-', '085788933231'),
	('01-LT-100386', 'WULAN MAHARANI', '-', '2010-01-20', 'wanita', 'Islam', '-', '-', '-', '-', '085788933231'),
	('01-LT-100387', 'RIA RINI AGUSTIN', '-', '2010-01-20', 'wanita', 'Islam', '-', '-', '-', '-', '085788933231'),
	('01-LT-100388', 'TIARA MILASARI', '-', '2010-01-20', 'wanita', 'Islam', '-', '-', '-', '-', '085788933231'),
	('01-LT-100389', 'ERIANA SALSABILA', '-', '2010-01-20', 'wanita', 'Islam', '-', '-', '-', '-', '085788933231'),
	('01-LT-100390', 'CHELVIN BAHTIARRIANTO', '-', '2010-01-20', 'pria', 'Islam', '-', '-', '-', '-', '085788933231'),
	('01-LT-100391', 'RIKI MAHDI', '-', '2010-01-20', 'pria', 'Islam', '-', '-', '-', '-', '085788933231'),
	('01-LT-100392', 'IRGI SEPTIAN NUR', '-', '2010-01-20', 'pria', 'Islam', '-', '-', '-', '-', '085788933231'),
	('01-LT-100393', 'AGUS TINO', '-', '2010-01-20', 'pria', 'Islam', '-', '-', '-', '-', '085788933231'),
	('01-LT-100394', 'BASUKI', '-', '2010-01-20', 'pria', 'Islam', '-', '-', '-', '-', '085788933231'),
	('01-LT-100395', 'CIKITA NATSYA', '-', '2010-01-20', 'wanita', 'Islam', '-', '-', '-', '-', '085788933231'),
	('01-LT-100396', 'NIKEN AZZAHRA', '-', '2010-01-20', 'wanita', 'Islam', '-', '-', '-', '-', '085788933231'),
	('01-LT-100397', 'HAYU ISMATUKA', '-', '2010-01-20', 'wanita', 'Islam', '-', '-', '-', '-', '085788933231'),
	('01-LT-100398', 'EVAN SAHRI', '-', '2010-01-20', 'pria', 'Islam', '-', '-', '-', '-', '085788933231'),
	('01-LT-100399', 'NOVI OKTAVIA', '-', '2010-01-20', 'wanita', 'Islam', '-', '-', '-', '-', '085788933231'),
	('01-LT-100400', 'HESTI SINTIYANI', '-', '2010-01-20', 'wanita', 'Islam', '-', '-', '-', '-', '085788933231'),
	('01-LT-100401', 'NIMAS SITO RESMI', '-', '2010-01-20', 'wanita', 'Islam', '-', '-', '-', '-', '085788933231'),
	('01-LT-100402', 'DITA AYU ANDRIYANI', '-', '2010-01-20', 'wanita', 'Islam', '-', '-', '-', '-', '085788933231'),
	('01-LT-100403', 'KARIN DINI', '-', '2010-01-20', '--pilih--', 'Islam', '-', '-', '-', '-', '085788933231'),
	('01-LT-100404', 'SITI ROSMAIDAH', '-', '2010-01-20', 'wanita', 'Islam', '-', '-', '-', '-', '085788933231'),
	('01-LT-100405', 'DWI NANDA AGUSTIA', '-', '2010-01-20', 'wanita', 'Islam', '-', '-', '-', '-', '085788933231'),
	('01-LT-100406', 'AMELIYA ARUM NINGTIAS', '-', '2010-01-20', 'wanita', 'Islam', '-', '-', '-', '-', '085788933231'),
	('01-LT-100407', 'PUTRI ANGGRAINI', '-', '2010-01-20', 'wanita', 'Islam', '-', '-', '-', '-', '085788933231'),
	('01-LT-100408', 'AMANDA SARI', '-', '2010-01-20', 'wanita', 'Islam', '-', '-', '-', '-', '085788933231'),
	('01-LT-100409', 'RIKA WATI AYU WULAN', '-', '2010-01-20', 'wanita', 'Islam', '-', '-', '-', '-', '085788933231'),
	('01-LT-100410', 'UCOK ARMANDINATA', '-', '2010-01-20', 'pria', 'Islam', '-', '-', '-', '-', '085788933231'),
	('01-LT-100411', 'NICCO FERNANDO', '-', '2010-01-20', 'pria', 'Islam', '-', '-', '-', '-', '085788933231'),
	('01-LT-100412', 'ARIS REDO FERNANDO', '-', '2010-01-20', 'pria', 'Islam', '-', '-', '-', '-', '085788933231'),
	('01-LT-100413', 'FADILA TAMA', '-', '2010-01-20', 'wanita', 'Islam', '-', '-', '-', '-', '085788933231'),
	('01-LT-100414', 'ADISTI FISKA SARI', '-', '2010-01-20', 'wanita', 'Islam', '-', '-', '-', '-', '085788933231'),
	('01-LT-100415', 'SURI LAILI MUSTIKA', '-', '2010-01-20', 'wanita', 'Islam', '-', '-', '-', '-', '085788933231'),
	('01-LT-100416', 'AMBAR AYU LESTARI', '-', '2010-01-20', 'wanita', 'Islam', '-', '-', '-', '-', '085788933231'),
	('01-LT-100417', 'ANES RIA SAFITRI', '-', '2010-01-20', 'wanita', 'Islam', '-', '-', '-', '-', '085788933231'),
	('01-LT-100418', 'CITRA YULIA SARI', '-', '2010-01-20', 'wanita', 'Islam', '-', '-', '-', '-', '085788933231'),
	('01-LT-100419', 'FAJAR ESA A. P.', '-', '2010-01-20', 'pria', 'Islam', '-', '-', '-', '-', '085788933231'),
	('01-LT-100420', 'GILANG ERIANGGA', '-', '2010-01-20', 'pria', 'Islam', '-', '-', '-', '-', '085788933231'),
	('01-LT-100421', 'ALVIN AGUNG S', '-', '2010-01-20', 'pria', 'Islam', '-', '-', '-', '-', '085788933231'),
	('01-LT-100422', 'DWI CAESAR ARMADA', '-', '2010-01-20', 'pria', 'Islam', '-', '-', '-', '-', '085788933231'),
	('01-LT-100423', 'ADE APRIANSYAH', '-', '2010-01-20', 'pria', 'Islam', '-', '-', '-', '-', '085788933231'),
	('01-LT-100424', 'EVA DWI ISTIQOMAH', '-', '2010-01-20', 'wanita', 'Islam', '-', '-', '-', '-', '085788933231'),
	('01-LT-100425', 'SUSI SUSANTI', '-', '2010-01-20', 'wanita', 'Islam', '-', '-', '-', '-', '085788933231'),
	('01-LT-100426', 'DWI RHOMA DONI', '-', '2010-01-20', 'pria', 'Islam', '-', '-', '-', '-', '085788933231'),
	('01-LT-100427', 'LALA MANTIKA', '-', '2010-01-20', 'wanita', 'Islam', '-', '-', '-', '-', '085788933231'),
	('01-LT-100428', 'EDO PRASETYO', '-', '2010-01-20', 'pria', 'Islam', '-', '-', '-', '-', '085788933231'),
	('01-LT-100429', 'AGNES MELANI', '-', '2010-01-20', 'wanita', 'Islam', '-', '-', '-', '-', '085788933231'),
	('01-LT-100430', 'RIA UMAMI', '-', '2010-01-20', 'wanita', 'Islam', '-', '-', '-', '-', '085788933231'),
	('01-LT-100431', 'DIMAS ADHI SAPUTRA', '-', '2010-01-20', 'pria', 'Islam', '-', '-', '-', '-', '085788933231'),
	('01-LT-100432', 'ASRI NOVITA SARI', '-', '2010-01-20', 'wanita', 'Islam', '-', '-', '-', '-', '085788933231'),
	('01-LT-100433', 'ASTINA SUNDARI NINGSIH', '-', '2010-01-20', 'wanita', 'Islam', '-', '-', '-', '-', '085788933231'),
	('01-LT-100434', 'SURANTI', '-', '2010-01-20', 'wanita', 'Islam', '-', '-', '-', '-', '085788933231'),
	('01-LT-100435', 'DWI SERLITA', '-', '2010-01-20', 'wanita', 'Islam', '-', '-', '-', '-', '085788933231'),
	('01-LT-100436', 'SUTIANAH', '-', '2010-01-20', 'wanita', 'Islam', '-', '-', '-', '-', '085788933231'),
	('01-LT-100437', 'LENI KURNIATI', '-', '2010-01-20', 'wanita', 'Islam', '-', '-', '-', '-', '085788933231'),
	('01-LT-100438', 'REFLI SAIFULLOH', '-', '2010-01-20', 'pria', 'Islam', '-', '-', '-', '-', '085788933231'),
	('01-LT-100439', 'INDRI KURNIYATI', '-', '2010-01-20', 'wanita', 'Islam', '-', '-', '-', '-', '085788933231'),
	('01-LT-100440', 'DEVI PUTRI INDRIYANI', '-', '2010-01-20', 'wanita', 'Islam', '-', '-', '-', '-', '085788933231'),
	('01-LT-100441', 'ANGGITA CAHYA YOAN', '-', '2010-01-20', 'wanita', 'Islam', '-', '-', '-', '-', '085788933231'),
	('01-LT-100442', 'PUTRI RATNA SARI', '-', '2010-01-20', 'wanita', 'Islam', '-', '-', '-', '-', '085788933231'),
	('01-LT-100443', 'ANJELI DEAS TARI', '-', '2010-01-20', 'wanita', 'Islam', '-', '-', '-', '-', '085788933231'),
	('01-LT-100444', 'RIRIN DIAN NURHASANAH', '-', '2010-01-20', 'wanita', 'Islam', '-', '-', '-', '-', '085788933231'),
	('01-LT-100445', 'PUPUT ELINA', '-', '2010-01-20', 'wanita', 'Islam', '-', '-', '-', '-', '085788933231'),
	('01-LT-100446', 'FITRIA NINGSIH', '-', '2010-01-20', 'wanita', 'Islam', '-', '-', '-', '-', '085788933231'),
	('01-LT-100447', 'ULVA AUDILA', '-', '2010-01-20', 'wanita', 'Islam', '-', '-', '-', '-', '085788933231'),
	('01-LT-100448', 'RENI ANGGRAINI', '-', '2010-01-20', 'wanita', 'Islam', '-', '-', '-', '-', '085788933231'),
	('01-LT-100449', 'CEISYA MARGARETA DEBO', '-', '2010-01-20', 'wanita', 'Islam', '-', '-', '-', '-', '085788933231'),
	('01-LT-100450', 'PUTRI ROHMASARI', '-', '2010-01-20', '--pilih--', 'Islam', '-', '-', '-', '-', '085788933231'),
	('01-LT-100451', 'KRISTIANI S', '-', '2010-01-20', 'wanita', 'Islam', '-', '-', '-', '-', '085788933231'),
	('01-LT-100452', 'NADA AULIA UMA', '-', '2010-01-20', 'wanita', 'Islam', '-', '-', '-', '-', '085788933231'),
	('01-LT-100453', 'NUR ALFALAH ALAKBAR', '-', '2010-01-20', 'wanita', 'Islam', '-', '-', '-', '-', '085788933231'),
	('01-LT-100454', 'RIMA ELIA WATI', '-', '2010-01-20', 'wanita', 'Islam', '-', '-', '-', '-', '085788933231'),
	('01-LT-100455', 'RISKA SEPTIANA', '-', '2010-01-20', 'wanita', 'Islam', '-', '-', '-', '-', '085788933231'),
	('01-LT-100456', 'NATASYA', '-', '2010-01-20', 'wanita', 'Islam', '-', '-', '-', '-', '085788933231'),
	('01-LT-100457', 'DEA JULIANI', '-', '2010-01-20', 'wanita', 'Islam', '-', '-', '-', '-', '085788933231'),
	('01-LT-100458', 'ALIKA AZHRA ASTUTI', '-', '2010-01-20', 'wanita', 'Islam', '-', '-', '-', '-', '085788933231'),
	('01-LT-100459', 'SADEWO ADITYA WIBOWO', '-', '2010-01-20', 'pria', 'Islam', '-', '-', '-', '-', '085788933231'),
	('01-LT-100460', 'MEI LENITA FATMA W', '-', '2010-01-20', 'wanita', 'Islam', '-', '-', '-', '-', '085788933231'),
	('01-LT-100461', 'ANGGI DWI WIDIA A', '-', '2010-01-20', 'wanita', 'Islam', '-', '-', '-', '-', '085788933231'),
	('01-LT-100462', 'DHILA PUSPITA D', '-', '2010-01-20', 'wanita', 'Islam', '-', '-', '-', '-', '085788933231'),
	('01-LT-100463', 'MEITHA AFIFAH', '-', '2010-01-20', 'wanita', 'Islam', '-', '-', '-', '-', '085788933231'),
	('01-LT-100464', 'SONYA LOUIS B', '-', '2010-01-20', 'wanita', 'Islam', '-', '-', '-', '-', '085788933231'),
	('01-LT-100465', 'RISKA TRI YULIANI', '-', '2010-01-20', 'wanita', 'Islam', '-', '-', '-', '-', '085788933231'),
	('01-LT-100466', 'AJENG SETIANINGSIH', '-', '2010-01-20', 'wanita', 'Islam', '-', '-', '-', '-', '085788933231'),
	('01-LT-100467', 'AJI NOVIA ADE ASMARA', '-', '2010-01-20', 'pria', 'Islam', '-', '-', '-', '-', '085788933231'),
	('01-LT-100468', 'VELLANI NURANISA', '-', '2010-01-20', 'wanita', 'Islam', '-', '-', '-', '-', '085788933231'),
	('01-LT-100469', 'ELSA MAHELDA', '-', '2010-01-20', 'wanita', 'Islam', '-', '-', '-', '-', '085788933231'),
	('01-LT-100470', 'NIMAS SRI WAHYUNI', '-', '2010-01-20', 'wanita', 'Islam', '-', '-', '-', '-', '085788933231'),
	('01-LT-100471', 'RIKA FEBRIANTY', '-', '2010-01-20', 'wanita', 'Islam', '-', '-', '-', '-', '085788933231'),
	('01-LT-100472', 'VENI RAHMA AFRIANI', '-', '2010-01-20', 'wanita', 'Islam', '-', '-', '-', '-', '085788933231'),
	('01-LT-100473', 'ELSA ARLITA SANDRA', '-', '2010-01-20', 'wanita', 'Islam', '-', '-', '-', '-', '085788933231'),
	('01-LT-100474', 'DIAN ANDRIANI', '-', '2010-01-20', 'wanita', 'Islam', '-', '-', '-', '-', '085788933231'),
	('01-LT-100475', 'INTAN RIZKY ANDRIY', '-', '2010-01-20', 'wanita', 'Islam', '-', '-', '-', '-', '085788933231'),
	('01-LT-100476', 'AGUSTINA SARI', '-', '2010-01-20', 'wanita', 'Islam', '-', '-', '-', '-', '085788933231'),
	('01-LT-100477', 'SITI KHODIJAH', '-', '2010-01-20', 'wanita', 'Islam', '-', '-', '-', '-', '085788933231'),
	('01-LT-100478', 'MARIA FANI', '-', '2010-01-20', 'wanita', 'Islam', '-', '-', '-', '-', '085788933231'),
	('01-LT-100479', 'FAJAR ANDRIANSYAH', '-', '2010-01-20', 'pria', 'Islam', '-', '-', '-', '-', '085788933231'),
	('01-LT-100480', 'AKBAR RIZAL', '-', '2010-01-20', 'pria', 'Islam', '-', '-', '-', '-', '085788933231'),
	('01-LT-100481', 'DINDA SHELLY ZULIA', '-', '2010-01-20', 'wanita', 'Islam', '-', '-', '-', '-', '085788933231'),
	('01-LT-100482', 'ATIKAH RAMADHANI', '-', '2010-01-20', 'wanita', 'Islam', '-', '-', '-', '-', '085788933231'),
	('01-LT-100483', 'NIKEN ANGGRAINI', '-', '2010-01-20', 'wanita', 'Islam', '-', '-', '-', '-', '085788933231'),
	('01-LT-100484', 'NOPA SATRIONO', '-', '2010-01-20', 'pria', 'Islam', '-', '-', '-', '-', '085788933231'),
	('01-LT-100485', 'FIKI HARDIAN', '-', '2010-01-20', 'pria', 'Islam', '-', '-', '-', '-', '085788933231'),
	('01-LT-100486', 'FAJAR SETIADI', '-', '2010-01-20', 'pria', 'Islam', '-', '-', '-', '-', '085788933231'),
	('01-LT-100487', 'RIAN VERDIYANTO', '-', '2010-01-20', 'pria', 'Islam', '-', '-', '-', '-', '085788933231'),
	('01-LT-100488', 'DEVI RATMA WATI', '-', '2010-01-20', 'wanita', 'Islam', '-', '-', '-', '-', '085788933231'),
	('01-LT-100489', 'DILA NUR AISYAH', '-', '2010-01-20', 'wanita', 'Islam', '-', '-', '-', '-', '085788933231'),
	('01-LT-100490', 'FARHAN FERNANDO', '-', '2010-01-20', 'pria', 'Islam', '-', '-', '-', '-', '085788933231'),
	('01-LT-100491', 'SALSA ROMADONA', '-', '2010-01-20', 'wanita', 'Islam', '-', '-', '-', '-', '085788933231'),
	('01-LT-100492', 'DIVIA NIRMALA PUTRI', '-', '2010-01-20', 'pria', 'Islam', '-', '-', '-', '-', '085788933231'),
	('01-LT-100493', 'RAHAYU', '-', '2010-01-20', 'wanita', 'Islam', '-', '-', '-', '-', '085788933231'),
	('01-LT-100494', 'DESI RATNA SARI', '-', '2010-01-20', 'wanita', 'Islam', '-', '-', '-', '-', '085788933231'),
	('01-LT-100495', 'NIKEN AMELYA UTAMI', '-', '2010-01-20', 'wanita', 'Islam', '-', '-', '-', '-', '085788933231'),
	('01-LT-100496', 'RUSMIYANTO', '-', '2010-01-20', 'pria', 'Islam', '-', '-', '-', '-', '085788933231'),
	('01-LT-100497', 'VITO OKSIAWAN', '-', '2010-01-20', 'pria', 'Islam', '-', '-', '-', '-', '085788933231'),
	('01-LT-100498', 'DIANDRA FAZRI BAHRI', '-', '2010-01-20', 'pria', 'Islam', '-', '-', '-', '-', '085788933231'),
	('01-LT-100499', 'REGA RIKI PRATAMA', '-', '2010-01-20', 'pria', 'Islam', '-', '-', '-', '-', '085788933231'),
	('01-LT-100500', 'CHESLIA ADHE IRAWAN', '-', '2010-01-20', 'pria', 'Islam', '-', '-', '-', '-', '085788933231'),
	('01-LT-100501', 'HANIF SOLIHUN', '-', '2010-01-20', 'pria', 'Islam', '-', '-', '-', '-', '085788933231'),
	('01-LT-100502', 'M.NIKO EDWARDO', '-', '2010-01-20', 'pria', 'Islam', '-', '-', '-', '-', '085788933231'),
	('01-LT-100503', 'AGUS TUTI', '-', '2010-01-20', 'pria', 'Islam', '-', '-', '-', '-', '085788933231'),
	('01-LT-100504', 'MONICA ARTA RINDRA', '-', '2010-01-20', 'wanita', 'Islam', '-', '-', '-', '-', '085788933231'),
	('01-LT-100505', 'HELEN PERMATA SARI', '-', '2010-01-20', 'wanita', 'Islam', '-', '-', '-', '-', '085788933231'),
	('01-LT-100506', 'SITI HAJAR ELIZA', '-', '2010-01-20', 'wanita', 'Islam', '-', '-', '-', '-', '085788933231'),
	('01-LT-100507', 'RISKA ANJARWATI', '-', '2010-01-20', 'wanita', 'Islam', '-', '-', '-', '-', '085788933231'),
	('01-LT-100508', 'REZA SAPUTRA', '-', '2010-01-20', 'pria', 'Islam', '-', '-', '-', '-', '085788933231'),
	('01-LT-100509', 'SINDI VERIANTI', '-', '2010-01-20', 'wanita', 'Islam', '-', '-', '-', '-', '085788933231'),
	('01-LT-100510', 'DESTA OKTAVIANI', '-', '2010-01-20', 'wanita', 'Islam', '-', '-', '-', '-', '085788933231'),
	('01-LT-100511', 'SARIFAH AINI', '-', '2010-01-20', 'wanita', 'Islam', '-', '-', '-', '-', '085788933231'),
	('01-LT-100512', 'EDWIN DIDI SAPUTRA', '-', '2010-01-20', 'pria', 'Islam', '-', '-', '-', '-', '085788933231'),
	('01-LT-100513', 'ALVIRA ADELIA PUTRI', '-', '2010-01-20', 'wanita', 'Islam', '-', '-', '-', '-', '085788933231'),
	('01-LT-100514', 'MARYANA SRI', '-', '2010-01-20', 'wanita', 'Islam', '-', '-', '-', '-', '085788933231'),
	('01-LT-100515', 'TARISA SULI ANJANI', '-', '2010-01-20', 'wanita', 'Islam', '-', '-', '-', '-', '085788933231'),
	('01-LT-100516', 'ADISTI KHARISMA', '-', '2010-01-20', 'wanita', 'Islam', '-', '-', '-', '-', '085788933231'),
	('01-LT-100517', 'LILIAN SOFIANI', '-', '2010-01-20', 'wanita', 'Islam', '-', '-', '-', '-', '085788933231'),
	('01-LT-100518', 'PRATIWI', '-', '2010-01-20', 'wanita', 'Islam', '-', '-', '-', '-', '085788933231'),
	('01-LT-100519', 'INTAN TRI WULANDARI', '-', '2010-01-20', 'wanita', 'Islam', '-', '-', '-', '-', '085788933231'),
	('01-LT-100520', 'DWI AYU TRIANI', '-', '2010-01-20', 'wanita', 'Islam', '-', '-', '-', '-', '085788933231'),
	('01-LT-100521', 'ONI SEKARWATI', '-', '2010-01-20', 'wanita', 'Islam', '-', '-', '-', '-', '085788933231'),
	('01-LT-100522', 'FERDIYANTO', '-', '2010-01-20', 'pria', 'Islam', '-', '-', '-', '-', '085788933231'),
	('01-LT-100523', 'RENDI SAPUTRA', '-', '2010-01-20', 'pria', 'Islam', '-', '-', '-', '-', '085788933231'),
	('01-LT-100524', 'CHEISA YULIANANDA', '-', '2010-01-20', 'wanita', 'Islam', '-', '-', '-', '-', '085788933231'),
	('01-LT-100525', 'NAJWA AGNIA WIBOWO', '-', '2010-01-20', 'wanita', 'Islam', '-', '-', '-', '-', '085788933231'),
	('01-LT-100526', 'PUTI LESTARI', '-', '2010-01-20', 'wanita', 'Islam', '-', '-', '-', '-', '085788933231'),
	('01-LT-100527', 'WAHYU RISKA P', '-', '2010-01-20', 'wanita', 'Islam', '-', '-', '-', '-', '085788933231'),
	('01-LT-100528', 'DIMAS DWI S', '-', '2010-01-20', 'pria', 'Islam', '-', '-', '-', '-', '085788933231'),
	('01-LT-100529', 'LENI ARIYANI', '-', '2010-01-20', 'wanita', 'Islam', '-', '-', '-', '-', '085788933231'),
	('01-LT-100530', 'SUTI LESTARI', '-', '2010-01-20', 'wanita', 'Islam', '-', '-', '-', '-', '085788933231'),
	('01-LT-100531', 'SITI NURHASANAH', '-', '2010-01-20', 'wanita', 'Islam', '-', '-', '-', '-', '085788933231'),
	('01-LT-100532', 'LUKKY RIFA FARADINA', '-', '2010-01-20', 'wanita', 'Islam', '-', '-', '-', '-', '085788933231'),
	('01-LT-100533', 'FAJAR NUR KHOLIK', '-', '2010-01-20', 'pria', 'Islam', '-', '-', '-', '-', '085788933231'),
	('01-LT-100534', 'KRISMANTO', '-', '2010-01-20', 'pria', 'Islam', '-', '-', '-', '-', '085788933231'),
	('01-LT-100535', 'SISKA SEPTI A', '-', '2010-01-20', 'wanita', 'Islam', '-', '-', '-', '-', '085788933231'),
	('01-LT-100536', 'ALI AL AYUBI', '--', '2010-01-20', 'pria', 'Islam', '-', '-', '-', '-', '085788933231'),
	('01-LT-100537', 'ZICO FERNANDO', '-', '2010-01-20', 'pria', 'Islam', '-', '-', '-', '-', '085788933231'),
	('01-LT-100538', 'FADILLA ULYASARI', '-', '2010-01-20', 'wanita', 'Islam', '-', '-', '-', '-', '085788933231'),
	('01-LT-100539', 'SYAHRA PUTRI SAHASIKA', '-', '2010-01-20', 'wanita', 'Islam', '-', '-', '-', '-', '085788933231'),
	('01-LT-100540', 'NURMALASARI', '-', '2010-01-20', 'wanita', 'Islam', '-', '-', '-', '-', '085788933231'),
	('01-LT-100541', 'DESTA NUR AZIZAH', '-', '2010-01-20', 'wanita', 'Islam', '-', '-', '-', '-', '085788933231'),
	('01-LT-100542', 'JUMAIDI', '-', '2010-01-20', 'pria', 'Islam', '-', '-', '-', '-', '085788933231'),
	('01-LT-100543', 'ALFRISKA DWI PUTRI', '-', '2010-01-20', 'wanita', 'Islam', '-', '-', '-', '-', '085788933231'),
	('01-LT-100544', 'MAIDA DWI SAFITRI', '-', '2010-01-20', 'wanita', 'Islam', '-', '-', '-', '-', '085788933231'),
	('01-LT-100545', 'CLARISA NURUL LUSTIKA', '-', '2010-01-20', 'wanita', 'Islam', '-', '-', '-', '-', '085788933231'),
	('01-LT-100546', 'WAHYUNINGSIH (GURU)', '-', '2010-01-20', 'wanita', 'Islam', '-', '-', '-', '-', '085788933231'),
	('01-LT-100547', 'SULASTRI/GITO GEBER', '-', '2010-01-20', 'pria', 'Islam', '-', '-', '-', '-', '085788933231'),
	('01-LT-100548', 'ELSYE DWI ASMARA', '-', '2010-01-20', 'wanita', 'Islam', '-', '-', '-', '-', '085788933231'),
	('01-LT-100549', 'JEFRI PRASETYO', '-', '2010-01-20', 'pria', 'Islam', '-', '-', '-', '-', '085788933231'),
	('01-LT-100550', 'PUJIANTO', '-', '2010-01-20', 'pria', 'Islam', '-', '-', '-', '-', '085788933231'),
	('01-LT-100551', 'NGATIYEM', '-', '2010-01-20', 'wanita', 'Islam', '-', '-', '-', '-', '085788933231'),
	('01-LT-100552', 'TUMIJO', '-', '2010-01-20', 'pria', 'Islam', '-', '-', '-', '-', '085788933231'),
	('01-LT-100553', 'MISTOK', '-', '2010-01-20', 'pria', 'Islam', '-', '-', '-', '-', '085788933231'),
	('01-LT-100554', 'BUDIATI', '-', '2010-01-20', 'wanita', 'Islam', '-', '-', '-', '-', '085788933231'),
	('01-LT-100555', 'ARIF NUR CAHYO', '-', '2010-01-20', 'pria', 'Islam', '-', '-', '-', '-', '085788933231'),
	('01-LT-100556', 'HIDAYAT OKTAVIANI', '-', '2010-01-20', 'pria', 'Islam', '-', '-', '-', '-', '085788933231'),
	('01-LT-100557', 'MUNAWAROH', '-', '2010-01-20', 'wanita', 'Islam', '-', '-', '-', '-', '085788933231'),
	('01-LT-100558', 'DIAN SAPUTRI', '-', '2010-01-20', 'wanita', 'Islam', '-', '-', '-', '-', '085788933231'),
	('01-LT-100559', 'HERMA MUTIARA', '-', '2010-01-20', 'wanita', 'Islam', '-', '-', '-', '-', '085788933231'),
	('01-LT-100560', 'ERVINA NIARTA TRIVILA', '-', '2010-01-20', 'wanita', 'Islam', '-', '-', '-', '-', '085788933231'),
	('01-LT-100561', 'THERESIA SETIANINGSIH (GURU)', '-', '2010-01-20', 'wanita', 'Islam', '-', '-', '-', '-', '085788933231'),
	('01-LT-100562', 'NGAINAH', '-', '2010-01-20', 'wanita', 'Islam', '-', '-', '-', '-', '085788933231'),
	('01-LT-100563', 'AMEL FEBRI SABRINA', '-', '2010-01-20', 'wanita', 'Islam', '-', '-', '-', '-', '085788933231'),
	('01-LT-100564', 'GLORO TARI S', '-', '2010-01-20', 'pria', 'Islam', '-', '-', '-', '-', '085788933231'),
	('01-LT-100565', 'DIVA CHARNELIA', '-', '2010-01-20', 'wanita', 'Islam', '-', '-', '-', '-', '085788933231'),
	('01-LT-100566', 'AUREL DAVA REZI', '-', '2010-01-20', 'wanita', 'Islam', '-', '-', '-', '-', '085788933231'),
	('01-LT-100567', 'ANDI PRASTYO', '-', '2010-01-20', 'pria', 'Islam', '-', '-', '-', '-', '085788933231'),
	('01-LT-100568', 'CHIO GUSTIA MAHESA', '-', '2010-01-20', 'pria', 'Islam', '-', '-', '-', '-', '085788933231'),
	('01-LT-100569', 'ABIAN AKBAR AZIR', '-', '2010-01-20', 'pria', 'Islam', '-', '-', '-', '-', '085788933231'),
	('01-LT-100570', 'HELVIN ABI A', '-', '2010-01-20', 'pria', 'Islam', '-', '-', '-', '-', '085788933231'),
	('01-LT-100571', 'FAREL JANUAR', '-', '2010-01-20', 'pria', 'Islam', '-', '-', '-', '-', '085788933231'),
	('01-LT-100572', 'AGUNG MUHARDITYAB P', '-', '2010-01-20', 'pria', 'Islam', '-', '-', '-', '-', '085788933231'),
	('01-LT-100573', 'NITA SETYAWATI', '-', '2010-01-20', 'wanita', 'Islam', '-', '-', '-', '-', '085788933231'),
	('01-LT-100574', 'DHONA EKA F. I.', '-', '2010-01-20', 'wanita', 'Islam', '-', '-', '-', '-', '085788933231'),
	('01-LT-100575', 'NICHO HAFIDZ S.', '-', '2010-01-20', 'pria', 'Islam', '-', '-', '-', '-', '085788933231'),
	('01-LT-100576', 'FERDI LUCCKY P.', '-', '2010-01-20', 'pria', 'Islam', '-', '-', '-', '-', '085788933231'),
	('01-LT-100577', 'ROBBY KHOLIFANTO', '-', '2010-01-20', 'pria', 'Islam', '-', '-', '-', '-', '085788933231'),
	('01-LT-100578', 'ANITA NURJANAH', '-', '2010-01-20', 'wanita', 'Islam', '-', '-', '-', '-', '085788933231'),
	('01-LT-100579', 'ANITA KURNIA R.', '-', '2010-01-20', 'wanita', 'Islam', '-', '-', '-', '-', '085788933231'),
	('01-LT-100580', 'SRI SEPTIANINGSIH', '-', '2010-01-20', 'wanita', 'Islam', '-', '-', '-', '-', '085788933231'),
	('01-LT-100581', 'AIDIL AZIZ S.', '-', '2010-01-20', 'wanita', 'Islam', '-', '-', '-', '-', '085788933231'),
	('01-LT-100582', 'RIFKI ZHUBBHAHUZ ZUHRI', '-', '2010-01-20', 'pria', 'Islam', '-', '-', '-', '-', '085788933231'),
	('01-LT-100583', 'ANINDIA ARDANA', '-', '2010-01-20', 'pria', 'Islam', '*', '*', '*', '*', '085788933231'),
	('01-LT-100584', 'ANDRE REY MARVIN G.', '-', '2010-01-20', 'pria', 'Islam', '-', '-', '-', '-', '085788933231'),
	('01-LT-100585', 'BAGUS AWAL AULIA', '-', '2010-01-20', 'pria', 'Islam', '-', '-', '-', '-', '085788933231'),
	('01-LT-100586', 'FEBRIAN MUHAMMAD A', '-', '2010-01-20', 'pria', 'Islam', '-', '-', '-', '-', '085788933231'),
	('01-LT-100587', 'THEO TAZCYLLA BARAMADHAN', '-', '2010-01-20', 'pria', 'Islam', '-', '-', '-', '-', '085788933231'),
	('01-LT-100588', 'DEWI MULYANI', '-', '2010-01-20', 'pria', 'Islam', '-', '-', '-', '-', '085788933231'),
	('01-LT-100589', 'GADING BHAKTI H', '-', '2010-01-20', 'pria', 'Islam', '-', '-', '-', '-', '085788933231'),
	('01-LT-100590', 'INDI RAHMAWATI', '-', '2010-01-20', 'pria', 'Islam', '-', '-', '-', '-', '085788933231'),
	('01-LT-100591', 'LAIRA PUTRI F.', '-', '2010-01-20', 'pria', 'Islam', '-', '-', '-', '-', '085788933231'),
	('01-LT-100592', 'MONIKA KRISTIANI', '-', '2010-01-20', 'wanita', 'Islam', '6-', '-', '-', '-', '085788933231'),
	('01-LT-100593', 'M. GAGAH BINTARA', '-', '2010-01-20', 'pria', 'Islam', '-', '-', '-', '-', '085788933231'),
	('01-LT-100594', 'NABILA PUTRI N.', '-', '2010-01-20', 'wanita', 'Islam', '-*', '-', '-', '-', '085788933231'),
	('01-LT-100595', 'PANCA APRILIANA', '-', '2010-01-20', 'wanita', 'Islam', '-', '-', '-', '-', '085788933231'),
	('01-LT-100596', 'RIZKI NUR SALIM', '-', '2010-01-20', 'pria', 'Islam', '-+', '-', '-', '-', '085788933231'),
	('01-LT-100597', 'SENDY ARIWANSYAH', '-', '2010-01-20', 'pria', 'Islam', '-', '-', '-', '-', '085788933231'),
	('01-LT-100598', 'SYIFA AURA AZAHRA', '-', '2010-01-20', 'wanita', 'Islam', '-', '-', '-', '-', '085788933231'),
	('01-LT-100599', 'TEDY SETYAWAN', '-', '2010-01-20', 'pria', 'Islam', '-', '-', '-', '-', '085788933231'),
	('01-LT-100600', 'VIVI SEPTIANI', '-', '2010-01-20', 'wanita', 'Islam', '-', '-', '-', '-', '085788933231'),
	('01-LT-100601', 'ARA BELLA', '-', '2010-01-20', 'wanita', 'Islam', '-', '-', '-', '-', '085788933231'),
	('01-LT-100602', 'ALIA OLGA OKTAVIANI', '-', '2010-01-20', 'wanita', 'Islam', '-', '-', '-', '-', '085788933231'),
	('01-LT-100603', 'EZI RAHMAD DHANI', '-', '2010-01-20', 'pria', 'Islam', '-', '-', '-', '-', '085788933231'),
	('01-LT-100604', 'SHERLY OKTANIA SARI', '-', '2010-01-20', 'wanita', 'Islam', '-', '-', '-', '-', '085788933231'),
	('01-LT-100605', 'SELINA MAHARANI', '-', '2010-01-20', 'wanita', 'Islam', '-', '-', '-', '-', '085788933231'),
	('01-LT-100606', 'NOVA LESTARI', '-', '2010-01-20', 'wanita', 'Islam', '-', '-', '-', '-', '085788933231'),
	('01-LT-100607', 'ICHA YESIKA', '-', '2010-01-20', 'wanita', 'Islam', '-', '-', '-', '-', '085788933231'),
	('01-LT-100608', 'TRIANA SARI', '-', '2010-01-20', 'wanita', 'Islam', '-', '-', '-', '-', '085788933231'),
	('01-LT-100609', 'YULIANITA EKA SRI', '-', '2010-01-20', 'wanita', 'Islam', '-', '-', '-', '-', '085788933231'),
	('01-LT-100610', 'A ARIF PAMUNGKAS', '-', '2010-01-20', 'pria', 'Islam', '-*', '-', '-', '-', '085788933231'),
	('01-LT-100611', 'SUGIYATI', '-', '2010-01-20', 'wanita', 'Islam', '-', '-', '-', '-', '085788933231'),
	('01-LT-100612', 'AMINAH', '-', '2010-01-20', 'wanita', 'Islam', '-', '-', '-', '-', '085788933231'),
	('01-LT-100613', 'GILDA PRAMUDITA', '-', '2010-01-20', 'wanita', 'Islam', '-', '-', '-', '-', '085788933231'),
	('01-LT-100614', 'DARNI YULISTA', '-', '2010-01-20', 'wanita', 'Islam', '-', '-', '-', '-', '085788933231'),
	('01-LT-100615', 'INDAH ANDARYANI', '-', '2010-01-20', 'wanita', 'Islam', '-', '-', '-', '-', '085788933231'),
	('01-LT-100616', 'ANDRE WAHYUDI', '-', '2010-01-20', 'pria', 'Islam', '-', '-', '-', '-', '085788933231'),
	('01-LT-100617', 'ABDUL HARIS', '-', '2010-01-20', 'pria', 'Islam', '-', '-', '-', '-', '085788933231'),
	('01-LT-100618', 'CRISTINA SIAGAWATI', '-', '2010-01-20', 'wanita', 'Islam', '-', '-', '-', '-', '085788933231'),
	('01-LT-100619', 'FISKA SUCI RAMADANI', '-', '2010-01-20', 'wanita', 'Islam', '-', '-', '-', '-', '085788933231'),
	('01-LT-100620', 'BELLA META SARI', '-', '2010-01-20', 'wanita', 'Islam', '-', '-', '-', '-', '085788933231'),
	('01-LT-100621', 'DWI ANDIKA', '-', '2010-01-20', 'pria', 'Islam', '-', '-', '-', '-', '085788933231'),
	('01-LT-100622', 'YOHANNA CRISNATALIA PRATRICIA', '-', '2010-01-20', 'wanita', 'Islam', '-', '-', '-', '-', '085788933231'),
	('01-LT-100623', 'VANESA WAHYU ANDIRA', '*', '2010-01-20', 'wanita', 'Islam', '-', '-', '-', '-', '085788933231'),
	('01-LT-100624', 'DWI ALENTA OKTAVIRA', '-', '2010-01-20', 'wanita', 'Islam', '-', '-', '-', '-', '085788933231'),
	('01-LT-100625', 'ADITYA DWIADRIANTORO', '-', '2010-01-20', 'pria', 'Islam', '-', '-', '-', '-', '085788933231'),
	('01-LT-100626', 'FARIZ LANDUNG', '-', '2010-01-20', 'pria', 'Islam', '-', '-', '-', '-', '085788933231'),
	('01-LT-100627', 'DIMAS DWI ARDIKA', '-', '2010-01-20', 'pria', 'Islam', '-', '-', '-', '-', '085788933231'),
	('01-LT-100628', 'EKO FERDI AKSO', '-', '2010-01-20', 'pria', 'Islam', '-', '-', '-', '-', '085788933231'),
	('01-LT-100629', 'REYHANJ SATRIO', '-', '2010-01-20', 'pria', 'Islam', '-', '-', '-', '-', '085788933231'),
	('01-LT-100630', 'RAMADHAN RIZKY PRATAMA', '-', '2010-01-20', 'pria', 'Islam', '-', '-', '-', '-', '085788933231'),
	('01-LT-100631', 'DAVID DIGO SILVA', '-', '2010-01-20', 'pria', 'Islam', '-', '-', '-', '-', '085788933231'),
	('01-LT-100632', 'KELVIN NANDO SYAIBANI', '-', '2010-01-20', 'pria', 'Islam', '-', '-', '-', '-', '085788933231'),
	('01-LT-100633', 'ANA AMELIA JIHNI', '-', '2010-01-20', 'wanita', 'Islam', '-', '-', '-', '-', '085788933231'),
	('01-LT-100634', 'ANDRA IKHSANUDIN', '-', '2010-01-20', 'pria', 'Islam', '-', '-', '-', '-', '085788933231'),
	('01-LT-100635', 'DEO RAHMAD NURHIDYAT', '-', '2010-01-20', 'pria', 'Islam', '-', '-', '-', '-', '085788933231'),
	('01-LT-100636', 'NUR ARINI ADELIA', '-', '2010-01-20', 'wanita', 'Islam', '-', '-', '-', '-', '085788933231'),
	('01-LT-100637', 'DESVA AZAH ROSITA', '-', '2010-01-20', 'wanita', 'Islam', '-', '-', '-', '-', '085788933231'),
	('01-LT-100638', 'AGISTA RICA ANGGUN', '-', '2010-01-20', 'wanita', 'Islam', '*-', '-', '-', '-', '085788933231'),
	('01-LT-100639', 'ADAM YUSTIAN KUSUMA', '-', '2010-01-20', 'pria', 'Islam', '-', '-', '-', '-', '085788933231'),
	('01-LT-100640', 'RIAN SETIADI', '-', '2010-01-20', 'pria', 'Islam', '-', '-', '-', '-', '085788933231'),
	('01-LT-100641', 'DESI ARIYANTI', '-', '2010-01-20', 'wanita', 'Islam', '-', '-', '-', '-', '085788933231'),
	('01-LT-100642', 'YUDA WIRA ANANDA', '-', '2010-01-20', 'pria', 'Islam', '-', '-', '-', '-', '085788933231'),
	('01-LT-100643', 'SUBEKTI', '-', '2010-01-20', 'wanita', 'Islam', '-', '-', '-', '-', '085788933231'),
	('01-LT-100644', 'JUMIATUN', '-', '2010-01-20', 'wanita', 'Islam', '-', '-', '-', '-', '085788933231'),
	('01-LT-100645', 'WIJIARSIH', '-', '2010-01-20', 'wanita', 'Islam', '-', '-', '-', '-', '085788933231'),
	('01-LT-100646', 'BARON AJI WIBOWO', '-', '2010-01-20', 'pria', 'Islam', '-', '-', '-', '-', '085788933231'),
	('01-LT-100647', 'PEYANG ASTARI', '-', '2010-01-20', 'pria', 'Islam', '-', '-', '-', '-', '085788933231'),
	('01-LT-100648', 'PONIDI', '-', '2010-01-20', 'pria', 'Islam', '-', '-', '-', '-', '085788933231'),
	('01-LT-100649', 'DIKA DWI ANDIKA', '-', '2010-01-20', 'pria', 'Islam', '-', '-', '-', '-', '085788933231'),
	('01-LT-100650', 'MUGIMIN', '-', '2010-01-20', 'pria', 'Islam', '-', '-', '-', '-', '085788933231'),
	('01-LT-100651', 'SUGINO', '-', '2010-01-20', 'pria', 'Islam', '-', '-', '-', '-', '085788933231'),
	('01-LT-100652', 'DIAN SYAHRONI', '-', '2010-01-20', 'wanita', 'Islam', '-', '-', '-', '-', '085788933231'),
	('01-LT-100653', 'BAYU PERMONO', 'Way Galih Dusun V B Kec. Tanjung Bintang Kab. Lampung Selatan', '2010-01-20', 'pria', 'Islam', 'Mahasiswa', 'Suparmo', 'Dian Pramesti', 'Way Galih Dusun V B Kec. Tanjung Bintang Kab. Lampung Selatan', '085788933231'),
	('01-LT-100654', 'SUPRIYADI', '*', '2010-01-20', 'pria', 'Islam', '-', '-', '-', '-', '085788933231'),
	('01-LT-100655', 'DARMISAH', '-', '2010-01-20', 'wanita', 'Islam', '-', '-', '-', '-', '085788933231'),
	('01-LT-100656', 'SURATMIYATUN', '-', '2010-01-20', 'wanita', 'Islam', '-', '-', '-', '-', '085788933231'),
	('01-LT-100657', 'YULIANTO', '-', '2010-01-20', 'pria', 'Islam', '-', '-', '-', '-', '085788933231'),
	('01-LT-100658', 'TRI SELY OKTAMI', '-', '2010-01-20', 'wanita', 'Islam', '-', '-', '-', '-', '085788933231'),
	('01-LT-100659', 'AGUS TONI', '*', '2010-01-20', 'pria', 'Islam', '--', '-', '-', '-', '085788933231'),
	('01-LT-100660', 'SUJARWO', '-', '2010-01-20', 'pria', 'Islam', '-', '-', '-', '-', '085788933231'),
	('01-LT-100661', 'INDRAWATI', '-', '2010-01-20', 'pria', 'Islam', '-', '-', '-', '-', '085788933231'),
	('01-LT-100662', 'BENI ISKANDAR', '-', '2010-01-20', 'pria', 'Islam', '-', '-', '-', '-', '085788933231'),
	('01-LT-100663', 'SAFITRI LIANI', '-', '2010-01-20', 'wanita', 'Islam', '-', '-', '-', '-', '085788933231'),
	('01-LT-100664', 'TAMAN', '-', '2010-01-20', 'pria', 'Islam', '-', '-', '-', '-', '085788933231'),
	('01-LT-100665', 'RUSMINAH', '-', '2010-01-20', 'wanita', 'Islam', '-', '-', '-', '-', '085788933231'),
	('01-LT-100666', 'PUJI SUSANTI', '-', '2010-01-20', 'wanita', 'Islam', '-', '-', '-', '-', '085788933231'),
	('01-LT-100667', 'SARYONO', '-', '2010-01-20', 'pria', 'Islam', '-', '-', '-', '-', '085788933231'),
	('01-LT-100668', 'NUR RATNA SARI', '-', '2010-01-20', 'pria', 'Islam', '-', '-', '-', '-', '085788933231'),
	('01-LT-100669', 'KASIH NINGSIH', '-', '2010-01-20', 'wanita', 'Islam', '-', '-', '-', '-', '085788933231'),
	('01-LT-100670', 'HIKMAH', '-', '2010-01-20', 'wanita', 'Islam', '-', '-', '-', '-', '085788933231'),
	('01-LT-100671', 'PEPIYANA', '-', '2010-01-20', 'wanita', 'Islam', '-', '-', '-', '-', '085788933231'),
	('01-LT-100672', 'DENI SAPUTRA', '-', '2010-01-20', 'pria', 'Islam', '-', '-', '-', '-', '085788933231'),
	('01-LT-100673', 'JIHAN AYUNI', '-', '2010-01-20', 'wanita', 'Islam', '-', '-', '-', '0', '085788933231'),
	('01-LT-100674', 'ILHAM WAHYUDI', '*', '2010-01-20', 'pria', 'Islam', '-', '-', '-', '-', '085788933231'),
	('01-LT-100675', 'SINTA NURMADIA DWI', '-', '2010-01-20', 'wanita', 'Islam', '-', '-', '-', '-', '085788933231'),
	('01-LT-100676', 'M. GILANG RADITYA', '-', '2010-01-20', 'pria', 'Islam', '-', '-', '-', '-', '085788933231'),
	('01-LT-100678', 'TEGAR SETIAWAN', '-', '2010-01-20', 'pria', 'Islam', '-', '-', '-', '-', '085788933231'),
	('01-LT-100679', 'SALMA AMELIA', '-', '2010-01-20', 'wanita', 'Islam', '-', '-', '-', '-', '085788933231'),
	('01-LT-100680', 'ANNISA NUR LAILI', '-', '2010-01-20', 'wanita', 'Islam', '-', '-', '-', '-', '085788933231'),
	('01-LT-100681', 'ADIT PRADITYA', '-', '2010-01-20', 'pria', 'Islam', '-', '-', '-', '-', '085788933231'),
	('01-LT-100682', 'NEZA MAYANG SARI', '-', '2010-01-20', 'wanita', 'Islam', '-', '-', '-', '-', '085788933231'),
	('01-LT-100683', 'HENDRIKUS KRISMA AFANDI', '-', '2010-01-20', 'pria', 'Islam', '-', '-', '-', '-', '085788933231'),
	('01-LT-100684', 'ANDIKA WAHYU PRATAMA', '-', '2010-01-20', 'pria', 'Islam', '-', '-', '-', '-', '085788933231'),
	('01-LT-100685', 'EKO SETIAWAN', '-', '2010-01-20', 'pria', 'Islam', '-', '-', '-', '-', '085788933231'),
	('01-LT-100686', 'MAYKA ASYSYIFA WATI', '-', '2010-01-20', 'wanita', 'Islam', '-', '-', '-', '-', '085788933231'),
	('01-LT-100687', 'LESIA SELVIA', '-', '2010-01-20', 'wanita', 'Islam', '-', '-', '-', '-', '085788933231'),
	('01-LT-100688', 'ALVINA DAMAYANTI', '-', '2010-01-20', 'wanita', 'Islam', '-', '-', '-', '-', '085788933231'),
	('01-LT-100689', 'CINDY ISABELLA', '*', '2010-01-20', 'pria', 'Islam', '-', '-', '-', '-', '085788933231'),
	('01-LT-100690', 'DWI AGUSTIN', '-', '2010-01-20', 'pria', 'Islam', '-', '-', '-', '-', '085788933231'),
	('01-LT-100691', 'SELVI EMILIA', '-', '2010-01-20', 'wanita', 'Islam', '-', '-', '-', '-', '085788933231'),
	('01-LT-100692', 'SEPTIAN ', '-', '2010-01-20', 'pria', 'Islam', '-', '-', '-', '-', '085788933231'),
	('01-LT-100693', 'ADI PERMANA', '-', '2010-01-20', 'pria', 'Islam', '-', '-', '-', '-', '085788933231'),
	('01-LT-100694', 'FERDINAN BINTANG ANDARESTA', '-', '2010-01-20', 'pria', 'Islam', '-', '-', '-', '-', '085788933231'),
	('01-LT-100695', 'GUSTI SUGIARTA', '-', '2010-01-20', 'pria', 'Islam', '-', '-', '-', '-', '085788933231'),
	('01-LT-100696', 'TRI PUJIARSIH', '-', '2010-01-20', 'wanita', 'Islam', '-', '-', '-', '-', '085788933231'),
	('01-LT-100699', 'AURA PUTRI BIANCA', '-', '2010-01-20', 'wanita', 'Islam', '*', '*', '*', '*', '085788933231'),
	('01-LT-100700', 'DWI PURNAWATI', '-', '2010-01-20', 'wanita', 'Islam', '-', '-', '-', '-', '085788933231'),
	('01-LT-100701', 'PUJIONO', '-', '2010-01-20', 'pria', 'Islam', '-', '-', '-', '-', '085788933231'),
	('01-LT-100702', 'INDRIYANI', '-', '2010-01-20', 'wanita', 'Islam', '-', '-', '-', '-', '085788933231'),
	('01-LT-100703', 'WARNI', '-', '2010-01-20', 'wanita', 'Islam', '-', '-', '-', '-', '085788933231'),
	('01-LT-100704', 'M. RAFI S', '-', '2010-01-20', 'pria', 'Islam', '-', '-', '-', '-', '085788933231'),
	('01-LT-100705', 'PUTRA DWI P', '-', '2010-01-20', 'pria', 'Islam', '-', '-', '-', '-', '085788933231'),
	('01-LT-100706', 'PALEN PALENDO', '-', '2010-01-20', 'pria', 'Islam', '-', '-', '-', '-', '085788933231'),
	('01-LT-100707', 'ALI MUSTOFA', '-', '2010-01-20', 'pria', 'Islam', '-', '-', '-', '-', '085788933231'),
	('01-LT-100708', 'PUTRI NURASIH', '-', '2010-01-20', 'wanita', 'Islam', '-', '-', '-', '-', '085788933231'),
	('01-LT-100709', 'FITRI YULIANI TANGKUBOLON', '-', '2010-01-20', 'wanita', 'Islam', '-', '-', '-', '-', '085788933231'),
	('01-LT-100710', 'AHMAD ZAKI APRIANSYAH', '-', '2010-01-20', 'pria', 'Islam', '-', '-', '-', '-', '085788933231'),
	('01-LT-100711', 'RIKI ILHAM SYAFA\'AT', '-', '2010-01-20', 'pria', 'Islam', '-', '-', '-', '-', '085788933231'),
	('01-LT-100712', 'M. IQBAL RACHMAT P', '-', '2010-01-20', 'pria', 'Islam', '-', '-', '-', '-', '085788933231'),
	('01-LT-100713', 'YEYEN KUMALASARI', 'WAY GALIH', '2010-01-20', 'wanita', 'Islam', 'TELLER BMT LA TAHZAN', 'KEMI', 'NGASIBAH', 'WAY GALIH 5B KEC. TANJUNG BINTANG KAB. LAMPUNG SELATAN', '085788933231'),
	('01-LT-100714', 'ARSHINTA DEWI', '-', '2010-01-20', 'wanita', 'Islam', '-', '-', '-', '-', '085788933231'),
	('01-LT-100715', 'YULIANTO', '-', '2010-01-20', 'pria', 'Islam', '-', '-', '-', '-', '085788933231'),
	('01-LT-100716', 'M. RAFLY KURNIAWAN', '-', '2010-01-20', 'pria', 'Islam', '-', '-', '-', '-', '085788933231'),
	('01-LT-100717', 'RUBES', '-', '2010-01-20', 'wanita', 'Islam', '-', '-', '-', '-', '085788933231'),
	('01-LT-100718', 'TAWIJO', '-', '2010-01-20', 'pria', 'Islam', '-', '-', '-', '-', '085788933231'),
	('01-LT-100719', 'RAISYA MAILINDA N', '-', '2010-01-20', 'wanita', 'Islam', '-', '-', '-', '-', '085788933231'),
	('01-LT-100720', 'FITA YESI MELINDA', '-', '2010-01-20', 'wanita', 'Islam', '-', '-', '-', '-', '085788933231'),
	('01-LT-100721', 'MBAH WIDI', '-', '2010-01-20', 'wanita', 'Islam', '-', '-', '-', '-', '085788933231'),
	('01-LT-100722', 'SUGIRAH', '-', '2010-01-20', 'wanita', 'Islam', '-', '-', '-', '-', '085788933231'),
	('01-LT-100723', 'BAGUS IGO WINANDO', '-', '2010-01-20', 'pria', 'Islam', 'MAHASISWA', 'NANANG ERMANTO', 'WINARNI', 'WAY GALIH IA KEC. TANJUNG BINTANG KAB. LAMPUNG SELATAN', '085788933231'),
	('01-LT-100724', 'ROSMALA DEWI', '-', '2010-01-20', 'wanita', 'Islam', '-', '-', '-', '-', '085788933231'),
	('01-LT-100726', 'EKA PURWANTI', '-', '2010-01-20', 'wanita', 'Islam', '-', '-', '-', '-', '085788933231'),
	('01-LT-100727', 'PARYATI', '-', '2010-01-20', 'wanita', 'Islam', '-', '-', '-', '-', '085788933231'),
	('01-LT-100728', 'NGATIYO', '-', '2010-01-20', 'pria', 'Islam', '-', '-', '-', '-', '085788933231'),
	('01-LT-100729', 'FEBRI PERMANA ', '-', '2010-01-20', 'pria', 'Islam', '-', '-', '-', '-', '085788933231'),
	('01-LT-100730', 'ELVAN ADE SETIAWAN', '-', '2010-01-20', 'pria', 'Islam', '-', '-', '-', '-', '085788933231'),
	('01-LT-100731', 'M. REIHAN AKSANI', '-', '2010-01-20', 'pria', 'Islam', '-', '-', '-', '-', '085788933231'),
	('01-LT-100732', 'SUKASEH', '-', '2010-01-20', 'wanita', 'Islam', '-', '-', '-', '-', '085788933231'),
	('01-LT-100733', 'ARIA DWI ADITYA', '-', '2010-01-20', 'pria', 'Islam', '-', '-', '-', '-', '085788933231'),
	('01-LT-100734', 'DWI SUPRIATI', '-', '2010-01-20', 'wanita', 'Islam', '-', '-', '-', '-', '085788933231'),
	('01-LT-100735', 'SUTARTI', '-', '2010-01-20', 'wanita', 'Islam', '-', '-', '-', '-', '085788933231'),
	('01-LT-100736', 'PURWANTI', '-', '2010-01-20', 'wanita', 'Islam', '-', '-', '-', '-', '085788933231'),
	('01-LT-100737', 'SRI LESTARI', '-', '2010-01-20', 'wanita', 'Islam', '-', '-', '-', '-', '085788933231'),
	('01-LT-100738', 'SAMINEM', '-', '2010-01-20', 'wanita', 'Islam', '-', '-', '-', '-', '085788933231'),
	('01-LT-100739', 'PARSINI', '-', '2010-01-20', 'wanita', 'Islam', '-', '-', '-', '-', '085788933231'),
	('01-LT-100741', 'LUSIKA', '-', '2010-01-20', 'wanita', 'Islam', '-', '-', '-', '-', '085788933231'),
	('01-LT-100742', 'DEA LEVISTIANA', '-', '2010-01-20', 'wanita', 'Islam', '-', '-', '-', '-', '085788933231'),
	('01-LT-100743', 'MARTINA', '-', '2010-01-20', 'wanita', 'Islam', '-', '-', '-', '-', '085788933231'),
	('01-LT-100744', 'PUJIANTO', '-', '2010-01-20', 'pria', 'Islam', '-', '-', '-', '-', '085788933231'),
	('01-LT-100745', 'M. EKA SETIAWAN', '-', '2010-01-20', 'pria', 'Islam', '-', '-', '-', '-', '085788933231'),
	('01-LT-100746', 'SUROTO', '-', '2010-01-20', 'pria', 'Islam', '-', '-', '-', '-', '085788933231'),
	('01-LT-100747', 'KASRI', '-', '2010-01-20', 'wanita', 'Islam', '-', '-', '-', '-', '085788933231'),
	('01-LT-100748', 'RUSMINAH', '-', '2010-01-20', 'wanita', 'Islam', '-', '-', '-', 'DARI BUNDA NUNG', '085788933231'),
	('01-LT-100749', 'YUNANI', '-', '2010-01-20', 'wanita', 'Islam', '-', '-', '-', '-', '085788933231'),
	('01-LT-100750', 'YUNIASIH', '-', '2010-01-20', 'wanita', 'Islam', '-', '-', '-', '-', '085788933231'),
	('01-LT-100751', 'SUTIJO', '-', '2010-01-20', 'pria', 'Islam', '-', '-', '-', '-', '085788933231'),
	('01-LT-100752', 'SITI AMINAH', '-', '2010-01-20', 'wanita', 'Islam', '-', '-', '-', '-', '085788933231'),
	('01-LT-100753', 'DEDI SUPOMO', '-', '2010-01-20', 'pria', 'Islam', '-', '-', '-', '-', '085788933231'),
	('01-LT-100754', 'PUNGKAS ADMAJA', '-', '2010-01-20', 'pria', 'Islam', '-', '-', '-', '-', '085788933231'),
	('01-LT-100755', 'ERLINDA', '-', '2010-01-20', 'wanita', 'Islam', '-', '-', '-', '-', '085788933231'),
	('01-LT-100756', 'PALIO', '-', '2010-01-20', 'pria', 'Islam', '-', '-', '-', '-', '085788933231'),
	('01-LT-100757', 'NOVI POSTALIA', '-', '2010-01-20', 'wanita', 'Islam', '-', '-', '-', '-', '085788933231'),
	('01-LT-100758', 'TIYEM', '-', '2010-01-20', 'wanita', 'Islam', '-', '-', '-', '-', '085788933231'),
	('01-LT-100759', 'CHANDRA PRAYOGA', '-', '2010-01-20', 'pria', 'Islam', '-', '-', '-', '-', '085788933231'),
	('01-LT-100760', 'JUARNI', '-', '2010-01-20', 'wanita', 'Islam', '-', '-', '-', '-', '085788933231'),
	('01-LT-100761', 'AFFANDI NURFAUZI', '-', '2010-01-20', 'pria', 'Islam', '-', '-', '-', '-', '085788933231'),
	('01-LT-100762', 'ADNANDA NUR RAHMAN', '-', '2010-01-20', 'pria', 'Islam', '-', '-', '-', '-', '085788933231'),
	('01-LT-100763', 'UMI MUSLIHATIN', '-', '2010-01-20', 'wanita', 'Islam', '-', '-', '-', '-', '085788933231'),
	('01-LT-100764', 'ZAKIYA NURBAITI AZZAHRA', '-', '2010-01-20', 'wanita', 'Islam', '-', '-', '-', '-', '085788933231'),
	('01-LT-100765', 'PONIMIN ', '-', '2010-01-20', 'pria', 'Islam', '--', '-', '-', '-', '085788933231'),
	('01-LT-100766', 'ROFIQUL UMAM', '-', '2010-01-20', 'pria', 'Islam', '-', '-', '-', '-', '085788933231'),
	('01-LT-100767', 'NAKEM', '-', '2010-01-20', 'wanita', 'Islam', '-', '-', '-', '-', '085788933231'),
	('01-LT-100768', 'RUMINI', '-', '2010-01-20', 'wanita', 'Islam', '-', '-', '-', '-', '085788933231'),
	('01-LT-100769', 'AGUSTINA', '-', '2010-01-20', 'wanita', 'Islam', '-', '-', '-', '-', '085788933231'),
	('01-LT-100770', 'NAYLA SALSABILA PUTRI', '-', '2010-01-20', 'wanita', 'Islam', '-', '-', '-', '-', '085788933231'),
	('01-LT-100771', 'KUSTINEM', '-', '2010-01-20', 'wanita', 'Islam', '-', '-', '-', '-', '085788933231'),
	('01-LT-100772', 'SAMIJAN', 'KALI REJO', '2010-01-20', 'pria', 'Islam', 'GURU SMP', '-', '-', '-', '085788933231'),
	('01-LT-100773', 'MURSINI', '-', '2010-01-20', 'wanita', 'Islam', '-', '-', '-', '-', '085788933231'),
	('01-LT-100774', 'RUDI JOKO SAPUTRA', '-', '2010-01-20', 'pria', 'Islam', '-', '-', '-', '-', '085788933231'),
	('01-LT-100775', 'SUPRIYADI', '-', '2010-01-20', 'pria', 'Islam', 'KARYAWAN PTPTN 7', '-', '-', 'ANGGOTA BAWAAN BAPAK ABIDIN', '085788933231'),
	('01-LT-100776', 'ANNISA FITRIA S', '-', '2010-01-20', 'wanita', 'Islam', '-', '-', '-', '-', '085788933231'),
	('01-LT-100777', 'TRI WULANDARI', '-', '2010-01-20', 'wanita', 'Islam', '-', '-', '-', '-', '085788933231'),
	('01-LT-100778', 'M. RIZKY', '-', '2010-01-20', 'pria', 'Islam', '-', '-', '-', '-', '085788933231'),
	('01-LT-100779', 'HAYATUN', '-', '2010-01-20', 'wanita', 'Islam', '-', '-', '-', '-', '085788933231'),
	('01-LT-100780', 'ELISABETH SURATMINI', '-', '2010-01-20', 'wanita', 'Islam', '-', '-', '-', '-', '085788933231'),
	('01-LT-100781', 'NORHAYATI', '-', '2010-01-20', 'wanita', 'Islam', '-', '-', '-', '-', '085788933231'),
	('01-LT-100782', 'SULARMI', '-', '2010-01-20', 'wanita', 'Islam', '-', '-', '-', '-', '085788933231'),
	('01-LT-100783', 'NURBANI', '-', '2010-01-20', 'wanita', 'Islam', '-', '-', '-', '-', '085788933231'),
	('01-LT-100784', 'SUDARNI', '-', '2010-01-20', 'wanita', 'Islam', '-', '-', '-', '-', '085788933231'),
	('01-LT-100785', 'SRI HANDAYANI', '-', '2010-01-20', 'wanita', 'Islam', '-', '-', '-', '-', '085788933231'),
	('01-LT-100786', 'DARNIYATI', '-', '2010-01-20', 'wanita', 'Islam', '-', '-', '-', '-', '085788933231'),
	('01-LT-100787', 'LILIK SUMARTI', '-', '2010-01-20', 'wanita', 'Islam', '-', '-', '-', '-', '085788933231'),
	('01-LT-100788', 'ANA SUWARNI', '-', '2010-01-20', 'wanita', 'Islam', '-', '-', '-', '-', '085788933231'),
	('01-LT-100789', 'KIFARA CHESY ALVIRZA', '-', '2010-01-20', 'wanita', 'Islam', '-', '-', '-', '-', '085788933231'),
	('01-LT-100790', 'TRI SUBAGIO', '-', '2010-01-20', 'pria', 'Islam', '-', '-', '-', '-', '085788933231'),
	('01-LT-100791', 'SARTINI', '-', '2010-01-20', 'wanita', 'Islam', '-', '-', '-', '-', '085788933231'),
	('01-LT-100792', 'YUDI PRATAMA', '-', '2010-01-20', 'pria', 'Islam', '-', '-', '-', '-', '085788933231'),
	('01-LT-100793', 'MANISAH', '-', '2010-01-20', 'wanita', 'Islam', '-', '-', '-', '-', '085788933231'),
	('01-LT-100794', 'SUMARNI', '-', '2010-01-20', 'wanita', 'Islam', '-', '-', '-', '-', '085788933231'),
	('01-LT-100795', 'MARLIN PANJAITAN', '-', '2010-01-20', 'wanita', 'Islam', '-', '-', '-', '-', '085788933231'),
	('01-LT-100796', 'HERI POTON', '-', '2010-01-20', 'pria', 'Islam', '-', '-', '-', '-', '085788933231'),
	('01-LT-100797', 'SHINTA', '-', '2010-01-20', 'wanita', 'Islam', '-', '-', '-', '-', '085788933231'),
	('01-LT-100798', 'HARTATI', '-', '2010-01-20', 'wanita', 'Islam', '-', '-', '-', '-', '085788933231'),
	('01-LT-100799', 'MUNIKA ARUM', '-', '2010-01-20', 'wanita', 'Islam', '-', '-', '-', '-', '085788933231'),
	('01-LT-100800', 'RIDWAN SUPRIYANTO', '-', '2010-01-20', 'wanita', 'Islam', '-', '-', '-', '-', '085788933231'),
	('01-LT-100801', 'CINTA FITRALIA', '-', '2010-01-20', 'wanita', 'Islam', '-', '-', '-', '-', '085788933231'),
	('01-LT-100802', 'YESHA AFRIA ANANTA', '-', '2010-01-20', 'wanita', 'Islam', '-', '-', '-', '-', '085788933231'),
	('01-LT-100803', 'YUNIA FATMAWATI', '-', '2010-01-20', 'wanita', 'Islam', '-', '-', '-', '-', '085788933231'),
	('01-LT-100804', 'SUSILOWATI', '-', '2010-01-20', 'wanita', 'Islam', '-', '-', '-', '-', '085788933231'),
	('01-LT-100805', 'RAHMAWATI', '-', '2010-01-20', 'wanita', 'Islam', '-', '-', '-', '-', '085788933231'),
	('01-LT-100806', 'SUDARNI', '-', '2010-01-20', 'wanita', 'Islam', '-', '-', '-', '-', '085788933231'),
	('01-LT-100807', 'ASIAH', '-', '2010-01-20', 'wanita', 'Islam', '-', '-', '-', '-', '085788933231'),
	('01-LT-100808', 'MUAZZAM KHOIRUL IKHWAN', '-', '2010-01-20', 'pria', 'Islam', '-', '-', '-', '-', '085788933231'),
	('01-LT-100809', 'EVI RITA', '-', '2010-01-20', 'pria', 'Islam', '-', '-', '-', '-', '085788933231'),
	('01-LT-100810', 'REISKHA NIRWANA EFFRIYANI', '-', '2010-01-20', 'wanita', 'Islam', '-', '-', '-', '-', '085788933231'),
	('01-LT-100811', 'LUSMIYATI', '-', '2010-01-20', 'wanita', 'Islam', '-', '-', '-', '-', '085788933231'),
	('01-LT-100812', 'NGALIYAH', '-', '2010-01-20', 'wanita', 'Islam', '-', '-', '-', '-', '085788933231'),
	('01-LT-100813', 'SDN 3 WAY GALIH', '-', '2010-01-20', 'pria', 'Islam', '-', '-', '-', '-', '085788933231'),
	('01-LT-100814', 'PAINI', '-', '2010-01-20', 'wanita', 'Islam', '-', '-', '-', '-', '085788933231'),
	('01-LT-100815', 'AFGAN RIFA RIZA A', '-', '2010-01-20', 'pria', 'Islam', '-', '-', '-', '-', '085788933231'),
	('01-LT-100816', 'YULIANA', '-', '2010-01-20', 'wanita', 'Islam', '-', '-', '-', '-', '085788933231'),
	('01-LT-100817', 'SUKAMTI', '-', '2010-01-20', 'wanita', 'Islam', '-', '-', '-', '-', '085788933231'),
	('01-LT-100818', 'RISMA ALHUDA WAY GALIH 5B', '-', '2010-01-20', 'pria', 'Islam', '-', '-', '-', '-', '085788933231'),
	('01-LT-100819', 'ITA APRILIA', '-', '2010-01-20', 'wanita', 'Islam', '-', '-', '-', '-', '085788933231'),
	('01-LT-100820', 'IDA FARIDA', '-', '2010-01-20', 'wanita', 'Islam', '-', '-', '-', '-', '085788933231'),
	('01-LT-100821', 'FICO ALFIAN', '-', '2010-01-20', 'pria', 'Islam', '-', '-', '-', '-', '085788933231'),
	('01-LT-100822', 'SUTADI', '-', '2010-01-20', 'pria', 'Islam', '-', '-', '-', '-', '085788933231'),
	('01-LT-100823', 'WESNO', '-', '2010-01-20', 'pria', 'Islam', '-', '-', '-', '-', '085788933231'),
	('01-LT-100824', 'RUMIYATI', '-', '2010-01-20', 'wanita', 'Islam', '-', '-', '-', '-', '085788933231'),
	('01-LT-100825', 'ALIF NUR SUDOMO TW', '-', '2010-01-20', 'pria', 'Islam', '-', '-', '-', '-', '085788933231'),
	('01-LT-100826', 'ARIYADI', '-', '2010-01-20', 'pria', 'Islam', '-', '-', '-', '-', '085788933231'),
	('01-LT-100827', 'SARIPAH', '-', '2010-01-20', 'wanita', 'Islam', '-', '-', '-', '-', '085788933231'),
	('01-LT-100828', 'TRI NUR HAYATI', '-', '2010-01-20', 'wanita', 'Islam', '-', '-', '-', '-', '085788933231'),
	('01-LT-100829', 'WIDI ASTUTI', '-', '2010-01-20', 'wanita', 'Islam', '-', '-', '-', '-', '085788933231'),
	('01-LT-100830', 'NGADIMIN', '-', '2010-01-20', 'pria', 'Islam', '-', '-', '-', '-', '085788933231'),
	('01-LT-100831', 'ELINDA', '-', '2010-01-20', 'wanita', 'Islam', '-', '-', '-', '-', '085788933231'),
	('01-LT-100832', 'ELEN SAPARINDA', '-', '2010-01-20', 'wanita', 'Islam', '-', '-', '-', '-', '085788933231'),
	('01-LT-100833', 'JUMIATI', '-', '2010-01-20', 'wanita', 'Islam', '-', '-', '-', '-', '085788933231'),
	('01-LT-100834', 'AHMAD YUDI HERMAWAN', '-', '2010-01-20', 'pria', 'Islam', '-', '-', '-', '-', '085788933231'),
	('01-LT-100835', 'LISDIANA', '-', '2010-01-20', 'wanita', 'Islam', '-', '-', '-', '-', '085788933231'),
	('01-LT-100836', 'JUARNI', '-', '2010-01-20', 'wanita', 'Islam', '-', '-', '-', '-', '085788933231'),
	('01-LT-100837', 'MISNERI', '-', '2010-01-20', 'wanita', 'Islam', '-', '-', '-', '-', '085788933231'),
	('01-LT-100838', 'ENI KUSRINI', '-', '2010-01-20', 'wanita', 'Islam', '-', '-', '-', '-', '085788933231'),
	('01-LT-100839', 'MARIA SUSILOWATI', '-', '2010-01-20', 'wanita', 'Islam', '-', '-', '-', '-', '085788933231'),
	('01-LT-100840', 'YESI PURNAMA SARI', '-', '2010-01-20', 'wanita', 'Islam', '-', '-', '-', '-', '085788933231'),
	('01-LT-100841', 'KOSMIANTO', '-', '2010-01-20', 'pria', 'Islam', '-', '-', '-', '-', '085788933231'),
	('01-LT-100842', 'PENGAJIAN IBU-IBU AL AMANAH', '-', '2010-01-20', 'wanita', 'Islam', '-', '-', '-', '-', '085788933231'),
	('01-LT-100843', 'NHASYA KIRANA RIZKY', '-', '2010-01-20', 'wanita', 'Islam', '-', '-', '-', '-', '085788933231'),
	('01-LT-100844', 'HAYATI', '-', '2010-01-20', 'wanita', 'Islam', '-', '-', '-', '-', '085788933231'),
	('01-LT-100845', 'LUKI YANTO', '-', '2010-01-20', 'pria', 'Islam', '-', '-', '-', '-', '085788933231'),
	('01-LT-100846', 'NENI LESTARI', '-', '2010-01-20', 'wanita', 'Islam', '-', '-', '-', '-', '085788933231'),
	('01-LT-100847', 'SITI ROHIMAH', '-', '2010-01-20', 'wanita', 'Islam', '-', '-', '-', '-', '085788933231'),
	('01-LT-100848', 'HERIZAL EKA PUTRA', '-', '2010-01-20', 'pria', 'Islam', '-', '-', '-', '-', '085788933231'),
	('01-LT-100849', 'SRIYONO', '-', '2010-01-20', 'pria', 'Islam', '-', '-', '-', '-', '085788933231'),
	('01-LT-100850', 'ERLAND RAHMADITA', '-', '2010-01-20', 'pria', 'Islam', '-', '-', '-', '-', '085788933231'),
	('01-LT-100851', 'BURIDAH', '-', '2010-01-20', 'wanita', 'Islam', '-', '-', '-', '-', '085788933231'),
	('01-LT-100852', 'MARWOTO', '-', '2010-01-20', 'pria', 'Islam', '-', '-', '-', '-', '085788933231'),
	('01-LT-100853', 'ADI SANTOSO', '-', '2010-01-20', 'pria', 'Islam', '-', '-', '-', '-', '085788933231'),
	('01-LT-100854', 'MUJIATI', '-', '2010-01-20', 'wanita', 'Islam', '-', '-', '-', '-', '085788933231'),
	('01-LT-100855', 'SUDARSEH', '-', '2010-01-20', 'wanita', 'Islam', '-', '-', '-', '-', '085788933231'),
	('01-LT-100856', 'SRI MARDIANI', '-', '2010-01-20', 'wanita', 'Islam', '-', '-', '-', '-', '085788933231'),
	('01-LT-100857', 'SUNCOKO', '-', '2010-01-20', 'pria', 'Islam', '-', '-', '-', '-', '085788933231'),
	('01-LT-100858', 'DJUWITA AGUSTINA', 'TANJUNG KARANG', '2010-01-20', 'wanita', 'Islam', 'MAHASISWA/PELAJAR', '-', '-', 'JL. PAGAR ALAM GG PUTRA 1 LK 1 NO 59A/25, 001/-, LANGKAPURA KEMILING BANDAR LAMPUNG', '085788933231'),
	('01-LT-100859', 'DEWI PUSPITASARI', '-', '2010-01-20', 'wanita', 'Islam', '-', '-', '-', '-', '085788933231'),
	('01-LT-100860', 'ARISNAWATI', '-', '2010-01-20', 'wanita', 'Islam', '-', '-', '-', '-', '085788933231'),
	('01-LT-100861', 'SUPARMAN ARIF', '-', '2010-01-20', 'pria', 'Islam', '-', '-', '-', '-', '085788933231'),
	('01-LT-100862', 'RUSMINAH/SULIS', '-', '2010-01-20', 'wanita', 'Islam', '-', '-', '-', '-', '085788933231'),
	('01-LT-100863', 'HARTONO', '-', '2010-01-20', 'pria', 'Islam', '-', '-', '-', '-', '085788933231'),
	('01-LT-100864', 'ELMIYATI(PASAR)', '-', '2010-01-20', 'wanita', 'Islam', '-', '-', '-', '-', '085788933231'),
	('01-LT-100865', 'SUYONO', '-', '2010-01-20', 'pria', 'Islam', '-', '-', '-', '-', '085788933231'),
	('01-LT-100866', 'JOKO SURANTO', '-', '2010-01-20', 'pria', 'Islam', '-', '-', '-', '-', '085788933231'),
	('01-LT-100867', 'SUKIRMAN/ LILIK', '-', '2010-01-20', 'pria', 'Islam', '-', '-', '-', '-', '085788933231'),
	('01-LT-100868', 'SUYATI', '-', '2010-01-20', 'wanita', 'Islam', '-', '-', '-', '-', '085788933231'),
	('01-LT-100869', 'WIWIK RATNA NINGSIH', '-', '2010-01-20', 'wanita', 'Islam', '-', '-', '-', '-', '085788933231'),
	('01-LT-100870', 'DEGO DAPIT SILPA', '-', '2010-01-20', 'pria', 'Islam', '-', '-', '-', '-', '085788933231'),
	('01-LT-100871', 'FITRI', '-', '2010-01-20', 'wanita', 'Islam', '-', '-', '-', '-', '085788933231'),
	('01-LT-100872', 'DILA DWI PUSPITA', '-', '2010-01-20', 'wanita', 'Islam', '-', '-', '-', '-', '085788933231'),
	('01-LT-100873', 'JAMILAH', '-', '2010-01-20', 'wanita', 'Islam', '-', '-', '-', '-', '085788933231'),
	('01-LT-100874', 'ROHANI', '-', '2010-01-20', 'wanita', 'Islam', '-', '-', '-', '-', '085788933231'),
	('01-LT-100875', 'RENANDA ANASTASYA', '-', '2010-01-20', 'wanita', 'Islam', '-', '-', '-', '-', '085788933231'),
	('01-LT-100876', 'ABDUL AZIZ MUSLIM', '-', '2010-01-20', 'pria', 'Islam', '-', '-', '-', '-', '085788933231'),
	('01-LT-100877', 'WAGIRAH', '-', '2010-01-20', 'wanita', 'Islam', '-', '-', '-', '-', '085788933231'),
	('01-LT-100878', 'PUJI LESTARI', '-', '2010-01-20', 'wanita', 'Islam', '-', '-', '-', '-', '085788933231'),
	('01-LT-100879', 'DAMAYANTI', '-', '2010-01-20', 'wanita', 'Islam', '-', '-', '-', '-', '085788933231'),
	('01-LT-100880', 'WARSITO', '-', '2010-01-20', 'pria', 'Islam', '-', '-', '-', '-', '085788933231'),
	('01-LT-100881', 'TURYONO', '-', '2010-01-20', 'pria', 'Islam', '-', '-', '-', '-', '085788933231'),
	('01-LT-100882', 'NGATEMIN', '-', '2010-01-20', 'pria', 'Islam', '-', '-', '-', '-', '085788933231'),
	('01-LT-100883', 'SRI YATI(BN)', '-', '2010-01-20', 'wanita', 'Islam', '-', '-', '-', '-', '085788933231'),
	('01-LT-100884', 'MERDA FEBRIOLA', '-', '2010-01-20', 'wanita', 'Islam', '-', '-', '-', '-', '085788933231'),
	('01-LT-100885', 'ENI LESTARI', '-', '2010-01-20', 'wanita', 'Islam', '-', '-', '-', '-', '085788933231'),
	('01-LT-100886', 'PATONA', '-', '2010-01-20', 'wanita', 'Islam', '-', '-', '-', '-', '085788933231'),
	('01-LT-100887', 'SUPINI', '-', '2010-01-20', 'wanita', 'Islam', '-', '-', '-', '-', '085788933231'),
	('01-LT-100888', 'TUMINAH', '-', '2010-01-20', 'wanita', 'Islam', '-', '-', '-', '-', '085788933231'),
	('01-LT-1008881', 'TURYONO', '-', '2010-01-20', 'pria', 'Islam', '-', '-', '-', '-', '085788933231'),
	('01-LT-100889', 'PORWANINGSIH', '-', '2010-01-20', 'wanita', 'Islam', '-', '-', '-', '-', '085788933231'),
	('01-LT-100890', 'AGUNG PRAMONO', '-', '2010-01-20', 'pria', 'Islam', '-', '-', '-', '-', '085788933231'),
	('01-LT-100891', 'RIAN MARWANSYAH', '-', '2010-01-20', 'pria', 'Islam', '-', '-', '-', '-', '085788933231'),
	('01-LT-100892', 'ABIRAMA HERIANTO', '-', '2010-01-20', 'pria', 'Islam', '-', '-', '-', '-', '085788933231'),
	('01-LT-100893', 'HUFRON SUSANTO', '-', '2010-01-20', 'pria', 'Islam', '-', '-', '-', '-', '085788933231'),
	('01-LT-100894', 'WAGIYO', '-', '2010-01-20', 'pria', 'Islam', '-', '-', '-', '-', '085788933231'),
	('01-LT-100895', 'WIWIN', '-', '2010-01-20', 'wanita', 'Islam', '-', '-', '-', 'ANGGOTA DARI BN', '085788933231'),
	('01-LT-100896', 'RIRIN', '-', '2010-01-20', 'wanita', 'Islam', '-', '-', '--', 'ANGGOTA DARI BN', '085788933231'),
	('01-LT-100897', 'ROHIMAH', '-', '2010-01-20', 'wanita', 'Islam', '-', '-', '-', '-', '085788933231'),
	('01-LT-100898', 'TARMIDI', '-', '2010-01-20', 'pria', 'Islam', '-', '-', '-', '-', '085788933231'),
	('01-LT-100899', 'DADANG RUHIYAT', '-', '2010-01-20', 'pria', 'Islam', '-', '-', '-', '-', '085788933231'),
	('01-LT-100900', 'TAUFIK AJI NUGRAHA', '-', '2010-01-20', 'pria', 'Islam', '-', '-', '-', '--', '085788933231'),
	('01-LT-100901', 'MARYANA', '-', '2010-01-20', 'wanita', 'Islam', '-', '-', '-', '-', '085788933231'),
	('01-LT-100902', 'SRI WAHYUNI', '-', '2010-01-20', 'wanita', 'Islam', '-', '-', '-', '-', '085788933231'),
	('01-LT-100903', 'TUTI HANDAYANI', '-', '2010-01-20', 'wanita', 'Islam', '-', '-', '-', '-', '085788933231'),
	('01-LT-100904', 'IRWIN KRISTIANTO', '-', '2010-01-20', 'pria', 'Islam', '-', '-', '-', '-', '085788933231'),
	('01-LT-100905', 'HAIRUL AMIN', '-', '2010-01-20', 'pria', 'Islam', '-', '-', '-', '-', '085788933231'),
	('01-LT-100906', 'RAHMI SABILI', '-', '2010-01-20', 'pria', 'Islam', '-', '-', '-', '-', '085788933231'),
	('01-LT-100907', 'KARSINAH', '-', '2010-01-20', 'wanita', 'Islam', '-', '-', '-', '-', '085788933231'),
	('01-LT-100908', 'ASEP SANJAYA', '-', '2010-01-20', 'pria', 'Islam', '-', '-', '-', '-', '085788933231'),
	('01-LT-100909', 'SUROYO', '-', '2010-01-20', 'pria', 'Islam', '-', '-', '-', '-', '085788933231'),
	('01-LT-100911', 'ROHAYATI', '-', '2010-01-20', 'wanita', 'Islam', '-', '-', '-', '-', '085788933231'),
	('01-LT-100912', 'M. ANAS NASRUL', '-', '2010-01-20', 'pria', 'Islam', '-', '-', '-', '-', '085788933231'),
	('01-LT-100913', 'SUPRIYATI', '-', '2010-01-20', 'wanita', 'Islam', '-', '-', '-', '-', '085788933231'),
	('01-LT-100915', 'AQILA BILQIS', '-', '2010-01-20', 'pria', 'Islam', '-', '-', '-', '-', '085788933231'),
	('01-LT-100916', 'LEGIATI', '-', '2010-01-20', 'wanita', 'Islam', '-', '-', '-', '-', '085788933231'),
	('01-LT-100918', 'SIDIK SETIARDI', '-', '2010-01-20', 'pria', 'Islam', '-', '-', '-', '-', '085788933231'),
	('01-LT-100920', 'JUMINI', '-', '2010-01-20', 'wanita', 'Islam', '-', '-', '-', '-', '085788933231'),
	('01-LT-100921', 'DIAH PERMATA SARI', '-', '2010-01-20', 'wanita', 'Islam', '-', '-', '-', '-', '085788933231'),
	('01-LT-100922', 'SITI ROHAINI', '-', '2010-01-20', 'wanita', 'Islam', '-', '-', '-', '-', '085788933231'),
	('01-LT-100923', 'FAJAR RISWAN', '-', '2010-01-20', 'pria', 'Islam', '-', '-', '-', '-', '085788933231'),
	('01-LT-100924', 'KOMARUDIN', '-', '2010-01-20', 'pria', 'Islam', '-', '-', '-', '-', '085788933231'),
	('01-LT-100927', 'PUJI LESTARI', '-', '2010-01-20', 'wanita', 'Islam', '-', '-', '-', '-', '085788933231'),
	('01-LT-100928', 'JUAN ADI PRATAMA', '-', '2010-01-20', 'pria', 'Islam', '-', '-', '-', '-', '085788933231'),
	('01-LT-100929', 'ADITYA ANGGARA', '-', '2010-01-20', 'pria', 'Islam', '-', '-', '-', '-', '085788933231'),
	('01-LT-100930', 'ADINDA ANGGUN LARASINTA', '-', '2010-01-20', 'wanita', 'Islam', '-', '-', '-', '-', '085788933231'),
	('01-LT-100931', 'TOTO RIYADI', '-', '2010-01-20', 'pria', 'Islam', '-', '-', '-', '-', '085788933231'),
	('01-LT-100932', 'SUTARMIN', '-', '2010-01-20', 'pria', 'Islam', '-', '-', '-', '-', '085788933231'),
	('01-LT-100933', 'SRI MUNINGSIH', '-', '2010-01-20', 'wanita', 'Islam', '-', '-', '-', '-', '085788933231'),
	('01-LT-100934', 'KIKI PRABAWATI', '-', '2010-01-20', 'wanita', 'Islam', '-', '-', '-', '-', '085788933231'),
	('01-LT-100935', 'AYU HAJIANA', '-', '2010-01-20', 'wanita', 'Islam', '-', '-', '-', '-', '085788933231'),
	('01-LT-100936', 'ENDAH LESTARI', '-', '2010-01-20', 'wanita', 'Islam', '-', '-', '-', '-', '085788933231'),
	('01-LT-100937', 'MEIDA NADARNA', '-', '2010-01-20', 'wanita', 'Islam', '-', '-', '-', '-', '085788933231'),
	('01-LT-100938', 'SUHARNI', '-', '2010-01-20', 'wanita', 'Islam', '-', '-', '-', '-', '085788933231'),
	('01-LT-100939', 'RESTATI', '-', '2010-01-20', 'wanita', 'Islam', '-', '-', '-', '-\r\n', '085788933231'),
	('01-LT-100940', 'RENITA SUSANTI', '-', '2010-01-20', 'wanita', 'Islam', '-', '-', '-', '-', '085788933231'),
	('01-LT-100941', 'FEBRIYANTO', '-', '2010-01-20', 'pria', 'Islam', '-', '-', '-', '-', '085788933231'),
	('01-LT-100942', 'SRI SUHARYANTI', '-', '2010-01-20', 'wanita', 'Islam', '-', '-', '-', '-', '085788933231'),
	('01-LT-100943', 'DWI WINARTI', '-', '2010-01-20', 'wanita', 'Islam', '-', '-', '-', '-', '085788933231'),
	('01-LT-100944', 'SURATMI', '-', '2010-01-20', 'wanita', 'Islam', '-', '-', '-', '-', '085788933231'),
	('01-LT-100945', 'SURYANA', '-', '2010-01-20', 'wanita', 'Islam', '-', '-', '-', '-', '085788933231'),
	('01-LT-100946', 'ENDANG SRI LESTARI', '-', '2010-01-20', 'wanita', 'Islam', '-', '-', '-', '-', '085788933231'),
	('01-LT-100947', 'SUYANTI', '-', '2010-01-20', 'wanita', 'Islam', '-', '-', '-', '-', '085788933231'),
	('01-LT-100948', 'BILQIS SHAFIYA SALSABILA', '-', '2010-01-20', 'wanita', 'Islam', '-', '-', '-', '-', '085788933231'),
	('01-LT-100950', 'WARSIATI', '-', '2010-01-20', 'wanita', 'Islam', '-', '-', '-', '-', '085788933231'),
	('01-LT-100951', 'SURYANING', '-', '2010-01-20', 'wanita', 'Islam', '-', '-', '-', '-', '085788933231'),
	('01-LT-100952', 'SUKAMTO', '-', '2010-01-20', 'pria', 'Islam', '-', '-', '-', '-', '085788933231'),
	('01-LT-100953', 'SUGIARDI', '-', '2010-01-20', 'pria', 'Islam', '-', '-', '-', '-', '085788933231'),
	('01-LT-100954', 'DANANG SETIAWAN', '-', '2010-01-20', 'pria', 'Islam', '-', '-', '-', '-', '085788933231'),
	('01-LT-100955', 'SUGIYANTO', '-', '2010-01-20', 'pria', 'Islam', '-', '-', '-', '-', '085788933231'),
	('01-LT-100956', 'SARJONO', '-', '2010-01-20', 'pria', 'Islam', '-', '-', '-', '-', '085788933231'),
	('01-LT-100957', 'PRAMITA', '-', '2010-01-20', 'wanita', 'Islam', '-', '-', '-', '-', '085788933231'),
	('01-LT-100958', 'BAENAH', '-', '2010-01-20', 'wanita', 'Islam', '-', '-', '-', '-', '085788933231'),
	('01-LT-100959', 'ANI HASANAH', '-', '2010-01-20', 'wanita', 'Islam', '-', '-', '-', '-', '085788933231'),
	('01-LT-100960', 'SAHUDI', '-', '2010-01-20', 'pria', 'Islam', '-', '-', '-', '-', '085788933231'),
	('01-LT-100961', 'BEJO SUKO', '-', '2010-01-20', 'pria', 'Islam', '-', '-', '-', '-', '085788933231'),
	('01-LT-100962', 'FITRI WULANDARI', '-', '2010-01-20', 'wanita', 'Islam', '-', '-', '-', '-', '085788933231'),
	('01-LT-100963', 'SUPRIYONO', '-', '2010-01-20', 'pria', 'Islam', '-', '-', '-', '-', '085788933231'),
	('01-LT-100964', 'KASNO', '-', '2010-01-20', 'pria', 'Islam', '-', '-', '-', '-', '085788933231'),
	('01-LT-100965', 'TOMI MAINANDAR', '-', '2010-01-20', 'pria', 'Islam', '-', '-', '-', '-', '085788933231'),
	('01-LT-100966', 'DESTY AMBARWATI', '-', '2010-01-20', 'wanita', 'Islam', '-', '-', '-', '-', '085788933231'),
	('01-LT-100967', 'DESI WAHYUNINGSIH', '-', '2010-01-20', 'wanita', 'Islam', '-', '-', '-', '-', '085788933231'),
	('01-LT-100968', 'EKA APRI SAMARA', '-', '2010-01-20', 'pria', 'Islam', '-', '-', '-', '-', '085788933231'),
	('01-LT-100969', 'HERMANSYAH', '-', '2010-01-20', 'pria', 'Islam', '-', '-', '-', '-', '085788933231'),
	('01-LT-100970', 'MASJID AL-AMIN', '-', '2010-01-20', 'pria', 'Islam', '-', '-', '-', '-', '085788933231'),
	('01-LT-100971', 'SUMARNI DEWI ARIYATI', '-', '2010-01-20', 'wanita', 'Islam', '-', '-', '-', '-', '085788933231'),
	('01-LT-100972', 'MUJIYEM', '-', '2010-01-20', 'wanita', 'Islam', '-', '-', '-', '-', '085788933231'),
	('01-LT-100973', 'MARYONO', '-', '2010-01-20', 'pria', 'Islam', '-', '-', '-', '-', '085788933231'),
	('01-LT-100974', 'SURATI', '-', '2010-01-20', 'wanita', 'Islam', '-', '-', '-', '-', '085788933231'),
	('01-LT-100975', 'SUPARNO/POP ICE', '-', '2010-01-20', 'pria', 'Islam', '-', '-', '-', '-', '085788933231'),
	('01-LT-100977', 'HENI EKAWATI', '-', '2010-01-20', 'wanita', 'Islam', '-', '-', '-', '-', '085788933231'),
	('01-LT-100978', 'DESI RAHAYU', '-', '2010-01-20', 'wanita', 'Islam', '-', '-', '-', '-', '085788933231'),
	('01-LT-100979', 'ENDANG RUMIYATI', '-', '2010-01-20', 'wanita', 'Islam', '-', '-', '-', '-', '085788933231'),
	('01-LT-100980', 'TUMARNO', '-', '2010-01-20', 'pria', 'Islam', '-', '-', '-', '-', '085788933231'),
	('01-LT-100981', 'NARSIH/ WANTO', '-', '2010-01-20', 'wanita', 'Islam', '-', '-', '-', '-', '085788933231'),
	('01-LT-100982', 'SABRUN JAMIL', 'padang', '2010-01-20', 'pria', 'Islam', 'WIRASWASTA', '-', '-', 'JL. HI A SALIM GG SENEN NO 41 LKII, 002/-, KALIAWI, TANJUNG KARANG PUSAT, BANDAR LAMPUNG', '085788933231'),
	('01-LT-100983', 'JOKO SISWOYO', '-', '2010-01-20', 'pria', 'Islam', '-', '-', '-', '-', '085788933231'),
	('01-LT-100987', 'ZAKIYA ALICIANO', '-', '2010-01-20', 'wanita', 'Islam', '-', '-', '-', '-', '085788933231'),
	('01-LT-100988', 'AZRIAH', '-', '2010-01-20', 'wanita', 'Islam', '-', '-', '-', '-', '085788933231'),
	('01-LT-100989', 'RARA GETI PARASINTA', '-', '2010-01-20', 'wanita', 'Islam', '-', '-', '-', '-', '085788933231'),
	('01-LT-100994', 'NGAIMAN', '-', '2010-01-20', 'pria', 'Islam', '-', '-', '-', '-', '085788933231'),
	('01-LT-100996', 'TRI MUNAH', '-', '2010-01-20', 'wanita', 'Islam', '-', '-', '-', '-', '085788933231'),
	('01-LT-100999', 'YULA', '-', '2010-01-20', 'pria', 'Islam', '-', '-', '-', '-', '085788933231'),
	('01-LT-101000', 'SUPRI HANDAYANI', '-', '2010-01-20', 'wanita', 'Islam', '-', '-', '-', '-', '085788933231'),
	('01-LT-101001', 'ISAH', '-', '2010-01-20', 'wanita', 'Islam', '-', '-', '-', '-', '085788933231'),
	('01-LT-101002', 'EMILIA HUSMIATI', '-', '2010-01-20', 'wanita', 'Islam', '-', '-', '-', '-', '085788933231'),
	('01-LT-101003', 'ISMANTO HADI', '-', '2010-01-20', 'pria', 'Islam', '-', '-', '-', '-', '085788933231'),
	('01-LT-101006', 'JUMAENI', '-', '2010-01-20', 'wanita', 'Islam', '-', '-', '-', '-', '085788933231'),
	('01-LT-101015', 'RENALDI', '-', '2010-01-20', 'pria', 'Islam', '-', '-', '-', '-', '085788933231'),
	('01-LT-101045', 'UNTUNG', '-', '2010-01-20', 'pria', 'Islam', '-', '-', '-', '-', '085788933231'),
	('01-LT-101050', 'ANGGI WAHYUDI', '-', '2010-01-20', 'pria', 'Islam', '-', '-', '-', '-', '085788933231'),
	('01-LT-101051', 'M.ALI AKBAR', '-', '2010-01-20', 'pria', 'Islam', '-', '-', '-', '-', '085788933231'),
	('01-LT-101052', 'SEPTIAN FAJAR PRATAMA', '-', '2010-01-20', 'pria', 'Islam', '-', '-', '-', '-', '085788933231'),
	('01-LT-101053', 'FARHAN FERNANDO', '-', '2010-01-20', 'pria', 'Islam', '-', '-', '-', '-', '085788933231'),
	('01-LT-101054', 'DANDIYANTO', '-', '2010-01-20', 'pria', 'Islam', '-', '-', '-', '-', '085788933231'),
	('01-LT-101055', 'TEGAR SAPUTRA', '-', '2010-01-20', 'pria', 'Islam', '-', '-', '-', '-', '085788933231'),
	('01-LT-101056', 'IKA TIAH NINGSARI RAHAYU', '-', '2010-01-20', 'wanita', 'Islam', '-', '-', '-', '-', '085788933231'),
	('01-LT-101057', 'EKA RAHMA PERMATASARI', '-', '2010-01-20', 'wanita', 'Islam', '-', '-', '-', '-', '085788933231'),
	('01-LT-101058', 'GADIS DINDA SANTIKA', '-', '2010-01-20', 'wanita', 'Islam', '-', '-', '-', '-', '085788933231'),
	('01-LT-101059', 'AGUSTINA HARUM SAPUTRI', '-', '2010-01-20', 'wanita', 'Islam', '-', '-', '-', '-', '085788933231'),
	('01-LT-101060', 'SYANDA KAYLA S', '-', '2010-01-20', 'wanita', 'Islam', '-', '-', '-', '-', '085788933231'),
	('01-LT-101061', 'RATIH NURLIZA BARI', '-', '2010-01-20', 'wanita', 'Islam', '-', '-', '-', '-', '085788933231'),
	('01-LT-101062', 'ABELA', '-', '2010-01-20', 'wanita', 'Islam', '-', '-', '-', '-', '085788933231'),
	('01-LT-101063', 'LIA REVALINA S', '-', '2010-01-20', 'wanita', 'Islam', '-', '-', '-', '-', '085788933231'),
	('01-LT-101064', 'MELDA ARELLYA', '-', '2010-01-20', 'wanita', 'Islam', '-', '-', '-', '-', '085788933231'),
	('01-LT-101065', 'ALAN DWIPA', '-', '2010-01-20', 'pria', 'Islam', '-', '-', '-', '-', '085788933231'),
	('01-LT-101066', 'INDRI WULANDARI', '-', '2010-01-20', 'wanita', 'Islam', '-', '-', '-', '-', '085788933231'),
	('01-LT-101067', 'TEGAR DWI PANGESTU', '-', '2010-01-20', 'pria', 'Islam', '-', '-', '-', '-', '085788933231'),
	('01-LT-101083', 'SUMIRAH', '-', '2010-01-20', 'wanita', 'Islam', '-', '-', '-', '-', '085788933231'),
	('01-LT-101084', 'RADIANTO', '-', '2010-01-20', 'pria', 'Islam', '-', '-', '-', '-', '085788933231'),
	('01-LT-101100', 'SILA', '-', '2010-01-20', 'wanita', 'Islam', '-', '-', '-', '-', '085788933231'),
	('01-LT-101110', 'HARMINI', '-', '2010-01-20', 'wanita', 'Islam', '-', '-', '-', '-', '085788933231'),
	('01-LT-101114', 'DWI YUNI MULYANI', '-', '2010-01-20', 'wanita', 'Islam', '-', '-', '-', '-', '085788933231'),
	('01-LT-101115', 'SUPIAH', '-', '2010-01-20', 'wanita', 'Islam', '-', '-', '-', '-', '085788933231'),
	('01-LT-101116', 'NILA AFRIANA', '-', '2010-01-20', 'wanita', 'Islam', '-', '-', '-', '-', '085788933231'),
	('01-LT-101117', 'ERNAWATI/BN', '-', '2010-01-20', 'wanita', 'Islam', '-', '-', '-', '-', '085788933231'),
	('01-LT-101119', 'BENI ANGGARA', '-', '2010-01-20', 'pria', 'Islam', '-', '-', '-', '-', '085788933231'),
	('01-LT-101122', 'NGATINO', '-', '2010-01-20', 'pria', 'Islam', '-', '-', '-', '-', '085788933231'),
	('01-LT-101123', 'SUSENO', '-', '2010-01-20', 'pria', 'Islam', '-', '-', '-', '-', '085788933231'),
	('01-LT-101124', 'LILIS SUHARTI', '-', '2010-01-20', 'wanita', 'Islam', '-', '-', '-', '-', '085788933231'),
	('01-LT-101126', 'IKHSAN', '-', '2010-01-20', 'pria', 'Islam', '-', '-', '-', '-', '085788933231'),
	('01-LT-101127', 'SYABILA', '-', '2010-01-20', 'wanita', 'Islam', '-', '-', '-', '-', '085788933231'),
	('01-LT-101128', 'ANDI', '-', '2010-01-20', 'pria', 'Islam', '-', '-', '-', '-', '085788933231'),
	('01-LT-101129', 'ANAFI DHUHA A', '-', '2010-01-20', 'pria', 'Islam', '-', '-', '-', '-', '085788933231'),
	('01-LT-101130', 'SUHARTI', '-', '2010-01-20', 'wanita', 'Islam', '-', '-', '-', '-', '085788933231'),
	('01-LT-101131', 'RINALDI AHMAD ALGARNI', '-', '2010-01-20', 'pria', 'Islam', '-', '-', '-', '-', '085788933231'),
	('01-LT-101132', 'INKA MARIA', '-', '2010-01-20', 'wanita', 'Islam', '-', '-', '-', '-', '085788933231'),
	('01-LT-101133', 'PUTRI MAHARANI', '-', '2010-01-20', 'wanita', 'Islam', '-', '-', '-', '-', '085788933231'),
	('01-LT-101134', 'CINTA PUTRI MARYAM', '-', '2010-01-20', 'wanita', 'Islam', '-', '-', '-', '-', '085788933231'),
	('01-LT-101135', 'AJENG ZARIMA UTARI', '-', '2010-01-20', 'wanita', 'Islam', '-', '-', '-', '-', '085788933231'),
	('01-LT-101136', 'AHMAD ZAHRI TRI PRASETYO', '-', '2010-01-20', 'pria', 'Islam', '-', '-', '-', '-', '085788933231'),
	('01-LT-101137', 'AGIL SUGENG SUWANTORO', '-', '2010-01-20', 'pria', 'Islam', '-', '-', '-', '-', '085788933231'),
	('01-LT-101138', 'ADIT DIDI SETIAWAN', '-', '2010-01-20', 'pria', 'Islam', '-', '-', '-', '-', '085788933231'),
	('01-LT-101139', 'KELVIN HENDRIANSYAH', '-', '2010-01-20', 'pria', 'Islam', '-', '-', '-', '-', '085788933231'),
	('01-LT-101140', 'RIKI ARMADA', '-', '2010-01-20', 'pria', 'Islam', '-', '-', '-', '-', '085788933231'),
	('01-LT-101141', 'UMI NURISNAINI', '-', '2010-01-20', 'wanita', 'Islam', '-', '-', '-', '-', '085788933231'),
	('01-LT-101142', 'DEVIA ELVIANANLEVISTA', '-', '2010-01-20', 'wanita', 'Islam', '-', '-', '-', '-', '085788933231'),
	('01-LT-101143', 'EVTA NATALIYA', '-', '2010-01-20', 'wanita', 'Islam', '-', '-', '-', '-', '085788933231'),
	('01-LT-101144', 'ALDESTIA KHOIRUL ANISA', '-', '2010-01-20', 'wanita', 'Islam', '-', '-', '-', '-', '085788933231'),
	('01-LT-101145', 'DIAH AYU PERMATA', '-', '2010-01-20', 'wanita', 'Islam', '-', '-', '-', '-', '085788933231'),
	('01-LT-101146', 'ANISA ZAHRA', '-', '2010-01-20', 'wanita', 'Islam', '-', '-', '-', '-', '085788933231'),
	('01-LT-101147', 'VIONA RETNO OKTAVIANI', '-', '2010-01-20', 'wanita', 'Islam', '-', '-', '-', '-', '085788933231'),
	('01-LT-101148', 'FAHRI RISMAWAN', '-', '2010-01-20', 'pria', 'Islam', '-', '-', '-', '-', '085788933231'),
	('01-LT-101149', 'MICHAEL SWANDA PUTRA', '-', '2010-01-20', 'wanita', 'Islam', '-', '-', '-', '-', '085788933231'),
	('01-LT-101150', 'ARIEL PRATAMA', '-', '2010-01-20', 'pria', 'Islam', '-', '-', '-', '-', '085788933231'),
	('01-LT-101151', 'DIKI RAHMAWAN', '-', '2010-01-20', 'pria', 'Islam', '-', '-', '-', '-', '085788933231'),
	('01-LT-101152', 'BELLA LISA TRIADINATA', '-', '2010-01-20', 'wanita', 'Islam', '-', '-', '-', '-', '085788933231'),
	('01-LT-101153', 'LIA MARCELINA MENDROZA', '-', '2010-01-20', 'wanita', 'Islam', '-', '-', '-', '-', '085788933231'),
	('01-LT-101154', 'SENDI JULIUS ALBERTO', '-', '2010-01-20', 'pria', 'Islam', '-', '-', '-', '-', '085788933231'),
	('01-LT-101155', 'TITIK SUNDARI', '-', '2010-01-20', 'wanita', 'Islam', '-', '-', '-', '-', '085788933231'),
	('01-LT-101164', 'DESMA DWI PERMANA', '-', '2010-01-20', 'wanita', 'Islam', '-', '-', '-', '-', '085788933231'),
	('01-LT-101165', 'FANI YUNNISA', '-', '2010-01-20', 'wanita', 'Islam', '-', '-', '-', '-', '085788933231'),
	('01-LT-101174', 'NEDA KAILA ALFAQI', '-', '2010-01-20', 'pria', 'Islam', '-', '-', '-', '-', '085788933231'),
	('01-LT-101176', 'AHMAD ZAEN ALI', '-', '2010-01-20', 'pria', 'Islam', '-', '-', '-', '-', '085788933231'),
	('01-LT-101189', 'THOMAS HARDIER ALI', '-', '2010-01-20', 'pria', 'Islam', '-', '-', '-', '-', '085788933231'),
	('01-LT-101190', 'KAKA ILHAM DWI Y', '-', '2010-01-20', 'pria', 'Islam', '-', '-', '-', '-', '085788933231'),
	('01-LT-101197', 'WASIRAN', '-', '2010-01-20', 'pria', 'Islam', '-', '-', '-', '-', '085788933231'),
	('01-LT-101199', 'SUPARWANTO', '-', '2010-01-20', 'pria', 'Islam', '-', '-', '-', '-', '085788933231'),
	('01-LT-101203', 'ETI YULININGSIH', '-', '2010-01-20', 'wanita', 'Islam', '-', '-', '-', '-', '085788933231'),
	('01-LT-101204', 'NORMA ERWIN', '-', '2010-01-20', 'pria', 'Islam', '-', '-', '-', '-', '085788933231'),
	('01-LT-101205', 'NURAINI / MURSINI', '-', '2010-01-20', 'wanita', 'Islam', '-', '-', '-', '-', '085788933231'),
	('01-LT-101209', 'ALFIRA RIZKY', '-', '2010-01-20', 'wanita', 'Islam', '-', '-', '-', '-', '085788933231'),
	('01-LT-101210', 'PAINEM', '-', '2010-01-20', 'wanita', 'Islam', '-', '-', '-', '-', '085788933231'),
	('01-LT-101218', 'MARYANI /PTC', '-', '2010-01-20', 'wanita', 'Islam', '-', '-', '-', '-', '085788933231'),
	('01-LT-101219', 'NUR LELA/ BN', '-', '2010-01-20', 'wanita', 'Islam', '-', '-', '-', '-', '085788933231'),
	('01-LT-101220', 'SUPAMI/ BN', '-', '2010-01-20', 'wanita', 'Islam', '-', '-', '-', '-', '085788933231'),
	('01-LT-101221', 'DEDI PRASETYO', '-', '2010-01-20', 'pria', 'Islam', '-', '-', '-', '-', '085788933231'),
	('01-LT-101222', 'SRI INDARTI/ PT SPPL', '-', '2010-01-20', 'wanita', 'Islam', '-', '-', '-', '-', '085788933231'),
	('01-LT-101223', 'APRIYATIN PERKASA', '-', '2010-01-20', 'pria', 'Islam', '-', '-', '-', '-', '085788933231'),
	('01-LT-101228', 'YULI HARTATI', '-', '2010-01-20', 'wanita', 'Islam', '-', '-', '-', '-', '085788933231'),
	('01-LT-101229', 'MARSINAH/ MEI', '-', '2010-01-20', 'wanita', 'Islam', '-', '-', '-', '-', '085788933231'),
	('01-LT-101230', 'NATIKA RAHMAWATI', '-', '2010-01-20', 'wanita', 'Islam', '-', '-', '-', '-', '085788933231'),
	('01-LT-101231', 'ANI SRI UTAMI', '-', '2010-01-20', 'wanita', 'Islam', '-', '-', '-', '-', '085788933231'),
	('01-LT-101232', 'DIAN SAFITRI/BN', '-', '2010-01-20', 'wanita', 'Islam', '-', '-', '-', '-', '085788933231'),
	('01-LT-101233', 'SUPRI/BN', '-', '2010-01-20', 'pria', 'Islam', '-', '-', '-', '-', '085788933231'),
	('01-LT-101234', 'PRIYANI', '-', '2010-01-20', 'wanita', 'Islam', '-', '-', '-', '-', '085788933231'),
	('01-LT-101241', 'SULASTRI/ MONO', '-', '2010-01-20', 'wanita', 'Islam', '-', '-', '-', '-', '085788933231'),
	('01-LT-101242', 'MARSONO 1A', '-', '2010-01-20', 'pria', 'Islam', '-', '-', '-', '-', '085788933231'),
	('01-LT-101243', 'PRATIWI/ BU NONG', '-', '2010-01-20', 'wanita', 'Islam', '-', '-', '-', '-', '085788933231'),
	('01-LT-101245', 'FEBRI FITRIANTO', '-', '2010-01-20', 'pria', 'Islam', '-', '-', '-', '-', '085788933231'),
	('01-LT-101247', 'SUPRIYATI', '-', '2010-01-20', 'wanita', 'Islam', '-', '-', '-', '-', '085788933231'),
	('01-LT-101254', 'MURYANTO', '-', '2010-01-20', 'pria', 'Islam', '-', '-', '-', '-', '085788933231'),
	('01-LT-101267', 'FAUZAN', '-', '2010-01-20', 'pria', 'Islam', '-', '-', '-', '-', '085788933231'),
	('01-LT-101269', 'ENI SUSILOWATI', '-', '2010-01-20', 'wanita', 'Islam', '-', '-', '-', '-', '085788933231'),
	('01-LT-101271', 'SUGINO', '-', '2010-01-20', 'pria', 'Islam', '-', '-', '-', '-', '085788933231'),
	('01-LT-101277', 'SUDARTO/BN', '-', '2010-01-20', 'pria', 'Islam', '-', '-', '-', '-', '085788933231'),
	('01-LT-101279', 'PUJI RAHAYU', '-', '2010-01-20', 'wanita', 'Islam', '-', '-', '-', '-', '085788933231'),
	('01-LT-101280', 'ANDI CHAREKA', '-', '2010-01-20', 'pria', 'Islam', '-', '-', '-', '-', '085788933231'),
	('01-LT-101281', 'SURYANI SARAGIH', '-', '2010-01-20', 'wanita', 'Islam', '-', '-', '-', '-', '085788933231'),
	('01-LT-101288', 'TUMINEM', '-', '2010-01-20', 'wanita', 'Islam', '-', '-', '-', '-', '085788933231'),
	('01-LT-101293', 'DWI ASTUTI', '-', '2010-01-20', 'wanita', 'Islam', '-', '-', '-', '-', '085788933231'),
	('01-LT-101294', 'VENTI DWI SARI', '-', '2010-01-20', 'wanita', 'Islam', '-', '-', '-', '-', '085788933231'),
	('01-LT-101301', 'MASHUDI', '-', '2010-01-20', 'pria', 'Islam', '-', '-', '-', '-', '085788933231'),
	('01-LT-101305', 'NABELA AGUSTIN A', '-', '2010-01-20', 'wanita', 'Islam', '-', '-', '-', '-', '085788933231'),
	('01-LT-101315', 'SYIFA FAUZIAH', '-', '2010-01-20', 'wanita', 'Islam', '-', '-', '-', '-', '085788933231'),
	('01-LT-101318', 'AGUS SULIS TRIONO', '-', '2010-01-20', 'pria', 'Islam', '-', '-', '-', '-', '085788933231'),
	('01-LT-101319', 'KINARA EARLYTA SYAHLA', '-', '2010-01-20', 'wanita', 'Islam', '-', '-', '-', '-', '085788933231'),
	('01-LT-101320', 'LUSIKA/ ENDI', '-', '2010-01-20', 'wanita', 'Islam', '-', '-', '-', '-', '085788933231'),
	('01-LT-101321', 'PAERAH', '-', '2010-01-20', 'wanita', 'Islam', '-', '-', '-', '-', '085788933231'),
	('01-LT-101322', 'BENI/ FRETI YULIASTANTI', '-', '2010-01-20', 'pria', 'Islam', '-', '-', '-', '-', '085788933231'),
	('01-LT-101323', 'BAGAS PAMUNGKAS/BN', '-', '2010-01-20', 'pria', 'Islam', '-', '-', '-', '-', '085788933231'),
	('01-LT-101324', 'SUPRIYATI/BN', '-', '2010-01-20', 'wanita', 'Islam', '-', '-', '-', '-', '085788933231'),
	('01-LT-101325', 'SITI MAY SAROH', '-', '2010-01-20', 'wanita', 'Islam', '-', '-', '-', '-', '085788933231'),
	('01-LT-101327', 'JUNIWANTO', '-', '2010-01-20', 'pria', 'Islam', '-', '-', '-', '-', '085788933231'),
	('01-LT-101328', 'NABILA AJENG', '-', '2010-01-20', 'wanita', 'Islam', '-', '-', '-', '-', '085788933231'),
	('01-LT-101331', 'SUGINO', '-', '2010-01-20', 'pria', 'Islam', '-', '-', '-', '-', '085788933231'),
	('01-LT-101332', 'SRI UTAMI', '-', '2010-01-20', 'wanita', 'Islam', '-', '-', '-', '-', '085788933231'),
	('01-LT-101334', 'NANING DWI SETYOWATI', '-', '2010-01-20', 'Wanita', 'Islam', 'Karyawan', '-', '-', '-', '085788933231'),
	('01-LT-101348', 'SUPONO', '-', '2010-01-20', 'pria', 'Islam', '-', '-', '-', '-', '085788933231'),
	('01-LT-101351', 'SUDIBYO', '-', '2010-01-20', 'pria', 'Islam', 'PNS', '-', '-', '-', '085788933231'),
	('01-LT-101352', 'RMT WAHYUDI', '-', '2010-01-20', 'Pria', 'Islam', 'Wiraswasta', '-', '-', '-', '085788933231'),
	('1123', 'Agus', 'Garut', '2018-10-04', 'Pria', 'Islam', 'Wiraswasta', 'swd', 'wdwed', 'wedewd', 'wedwed'),
	('2312321', 'dwd', 'wedewd', '2018-10-04', 'Pria', 'Islam', 'Wiraswasta', 'ewdew', 'dewd', 'edew', 'ewdwe'),
	('21321312', 'Cecep', 'Garut', '2018-10-06', 'Pria', 'Islam', 'Wiraswasta', 'aa', 'aaa', 'aaaa', 'aaaa');
/*!40000 ALTER TABLE `anggota` ENABLE KEYS */;

-- Dumping structure for table bmtmasega.muser
CREATE TABLE IF NOT EXISTS `muser` (
  `userid` varchar(50) NOT NULL,
  `nama` varchar(100) NOT NULL,
  `password` varchar(50) NOT NULL,
  `datauser` int(11) NOT NULL,
  `settingsimpanan` int(11) NOT NULL,
  `settingpembiayaan` int(11) NOT NULL,
  `pendaftarananggota` int(11) NOT NULL,
  `pembukaansimpanan` int(11) NOT NULL,
  `pembukaanpembiayaan` int(11) NOT NULL,
  `transaksisimpanan` int(11) NOT NULL,
  `transaksiangsuranpembiayaan` int(11) NOT NULL,
  `bagihasil` int(11) NOT NULL,
  `lapanggota` int(11) NOT NULL,
  `lapsimpanan` int(11) NOT NULL,
  `lappembiayaan` int(11) NOT NULL,
  `lapoutstanding` int(11) NOT NULL,
  `lapcashflow` int(11) NOT NULL,
  `pendapatan` int(11) NOT NULL
) ENGINE=MyISAM DEFAULT CHARSET=latin1;

-- Dumping data for table bmtmasega.muser: 2 rows
/*!40000 ALTER TABLE `muser` DISABLE KEYS */;
INSERT INTO `muser` (`userid`, `nama`, `password`, `datauser`, `settingsimpanan`, `settingpembiayaan`, `pendaftarananggota`, `pembukaansimpanan`, `pembukaanpembiayaan`, `transaksisimpanan`, `transaksiangsuranpembiayaan`, `bagihasil`, `lapanggota`, `lapsimpanan`, `lappembiayaan`, `lapoutstanding`, `lapcashflow`, `pendapatan`) VALUES
	('Admin', 'Admin', 'Admin', 1, 1, 1, 1, 1, 1, 1, 1, 1, 1, 1, 1, 1, 1, 1),
	('Cecep', 'Cecep', 'Cecep', 1, 1, 1, 1, 1, 1, 1, 1, 1, 1, 1, 1, 1, 1, 1);
/*!40000 ALTER TABLE `muser` ENABLE KEYS */;

-- Dumping structure for table bmtmasega.pembiayaan
CREATE TABLE IF NOT EXISTS `pembiayaan` (
  `kodeanggota` varchar(50) NOT NULL,
  `norekpembiayaan` varchar(50) NOT NULL,
  `kodepembiayaan` varchar(50) NOT NULL,
  `pelapon` double(10,2) NOT NULL,
  `tglpembiayaan` date NOT NULL,
  `jwaktu` int(11) NOT NULL,
  `tgljt` date NOT NULL,
  `angsuranpokok` double(10,2) NOT NULL,
  `angsuranbagihasil` double(10,2) NOT NULL,
  `biayaadm` double(10,2) NOT NULL,
  `sisaplapon` double(10,2) NOT NULL,
  KEY `kodeanggota` (`kodeanggota`),
  KEY `norekpembiayaan` (`norekpembiayaan`),
  KEY `kodepembiayaan` (`kodepembiayaan`)
) ENGINE=MyISAM DEFAULT CHARSET=latin1 ROW_FORMAT=DYNAMIC;

-- Dumping data for table bmtmasega.pembiayaan: 5 rows
/*!40000 ALTER TABLE `pembiayaan` DISABLE KEYS */;
INSERT INTO `pembiayaan` (`kodeanggota`, `norekpembiayaan`, `kodepembiayaan`, `pelapon`, `tglpembiayaan`, `jwaktu`, `tgljt`, `angsuranpokok`, `angsuranbagihasil`, `biayaadm`, `sisaplapon`) VALUES
	('01-LT-101352', '2010000001', '1', 5000000.00, '2018-09-29', 12, '2019-09-29', 416666.67, 50000.00, 100000.00, 5000000.00),
	('01-LT-101352', '2020000001', '2', 10000000.00, '2018-09-29', 12, '2019-09-29', 833333.33, 100000.00, 100000.00, 10000000.00),
	('01-LT-101351', '2010000002', '1', 20000000.00, '2018-09-29', 12, '2019-09-29', 1666666.67, 200000.00, 200000.00, 20000000.00),
	('1123', '2010000003', '1', 2000000.00, '2018-09-29', 4, '2019-01-29', 500000.00, 10000.00, 20000.00, 1500000.00),
	('21321312', '2020000002', '2', 9000000.00, '2018-10-06', 4, '2019-02-06', 2250000.00, 200000.00, 200000.00, 6750000.00);
/*!40000 ALTER TABLE `pembiayaan` ENABLE KEYS */;

-- Dumping structure for table bmtmasega.pendapatan
CREATE TABLE IF NOT EXISTS `pendapatan` (
  `tgl` date NOT NULL,
  `uraian` varchar(50) NOT NULL,
  `nominal` double(10,2) NOT NULL,
  `muser` varchar(50) NOT NULL,
  KEY `tgl` (`tgl`)
) ENGINE=MyISAM DEFAULT CHARSET=latin1;

-- Dumping data for table bmtmasega.pendapatan: 4 rows
/*!40000 ALTER TABLE `pendapatan` DISABLE KEYS */;
INSERT INTO `pendapatan` (`tgl`, `uraian`, `nominal`, `muser`) VALUES
	('2018-09-29', 'Angsuran Bagi Hasil No Rek 2010000003', 10000.00, 'Admin'),
	('2018-10-06', 'Pendapatan Pendaftaran No Anggota 21321312', 100000.00, 'Admin'),
	('2018-10-06', 'Pendapatan ADM Pembiayaan No Rek 2020000002', 200000.00, 'Admin'),
	('2018-10-06', 'Bagi Hasil No Rek 2020000002', 200000.00, 'Admin');
/*!40000 ALTER TABLE `pendapatan` ENABLE KEYS */;

-- Dumping structure for table bmtmasega.settingpembiayaan
CREATE TABLE IF NOT EXISTS `settingpembiayaan` (
  `kode` int(11) NOT NULL,
  `nama` varchar(50) NOT NULL
) ENGINE=MyISAM DEFAULT CHARSET=latin1 ROW_FORMAT=DYNAMIC;

-- Dumping data for table bmtmasega.settingpembiayaan: 2 rows
/*!40000 ALTER TABLE `settingpembiayaan` DISABLE KEYS */;
INSERT INTO `settingpembiayaan` (`kode`, `nama`) VALUES
	(1, 'Pembiayaan Musyarakah'),
	(2, 'Pembiayaan Mudharabah');
/*!40000 ALTER TABLE `settingpembiayaan` ENABLE KEYS */;

-- Dumping structure for table bmtmasega.settingsimpanan
CREATE TABLE IF NOT EXISTS `settingsimpanan` (
  `kode` int(11) NOT NULL,
  `nama` varchar(50) NOT NULL,
  `basil` double(10,2) NOT NULL
) ENGINE=MyISAM DEFAULT CHARSET=latin1;

-- Dumping data for table bmtmasega.settingsimpanan: 4 rows
/*!40000 ALTER TABLE `settingsimpanan` DISABLE KEYS */;
INSERT INTO `settingsimpanan` (`kode`, `nama`, `basil`) VALUES
	(1, 'Simpanan Pokok', 10.00),
	(2, 'Simpanan Wajib', 20.00),
	(3, 'Simpanan Sukarela', 15.20),
	(4, 'Simpanan Kurban', 20.40);
/*!40000 ALTER TABLE `settingsimpanan` ENABLE KEYS */;

-- Dumping structure for table bmtmasega.simpanan
CREATE TABLE IF NOT EXISTS `simpanan` (
  `kodeanggota` varchar(50) NOT NULL,
  `noreksimpanan` varchar(50) NOT NULL,
  `kodesimpanan` varchar(50) NOT NULL,
  `saldo` double(10,2) NOT NULL
) ENGINE=MyISAM DEFAULT CHARSET=latin1;

-- Dumping data for table bmtmasega.simpanan: 10 rows
/*!40000 ALTER TABLE `simpanan` DISABLE KEYS */;
INSERT INTO `simpanan` (`kodeanggota`, `noreksimpanan`, `kodesimpanan`, `saldo`) VALUES
	('01-LT-100001', '1010000001', '1', 0.00),
	('01-LT-100001', '1010000002', '1', 0.00),
	('01-LT-100001', '1020000001', '2', 0.00),
	('01-LT-101325', '1030000001', '3', 0.00),
	('01-LT-101325', '1030000002', '3', 0.00),
	('01-LT-101325', '1020000002', '2', 2000000.00),
	('01-LT-101325', '1040000001', '4', 60000.00),
	('01-LT-101348', '1010000003', '1', 200000.00),
	('01-LT-101348', '1040000002', '4', 900000.00),
	('1123', '1010000004', '1', 0.00);
/*!40000 ALTER TABLE `simpanan` ENABLE KEYS */;

-- Dumping structure for table bmtmasega.transaksi
CREATE TABLE IF NOT EXISTS `transaksi` (
  `tgl` date NOT NULL,
  `uraian` varchar(100) NOT NULL,
  `nominal` double NOT NULL,
  `ket` varchar(50) NOT NULL,
  `muser` varchar(50) NOT NULL,
  KEY `tgl` (`tgl`),
  KEY `ket` (`ket`)
) ENGINE=MyISAM DEFAULT CHARSET=latin1;

-- Dumping data for table bmtmasega.transaksi: 13 rows
/*!40000 ALTER TABLE `transaksi` DISABLE KEYS */;
INSERT INTO `transaksi` (`tgl`, `uraian`, `nominal`, `ket`, `muser`) VALUES
	('2018-09-29', 'Pendapatan Pendaftaran Anggota', 20000, 'Kas Masuk', 'Admin'),
	('2018-09-29', 'Pendapatan Pendaftaran No Anggota 2312321', 40000, 'Kas Masuk', 'Admin'),
	('2018-09-29', 'Pencairan Pembiayaan No Rek 2010000003', 2000000, 'Kas Keluar', 'Admin'),
	('2018-09-29', 'Pendapatan ADM Pembiayaan No Rek 2010000003', 20000, 'Kas Masuk', 'Admin'),
	('2018-09-29', 'Setoran Simpanan No Rek 1040000001', 67000, 'Kas Masuk', 'Admin'),
	('2018-09-29', 'Penarikan Simpanan No Rek 1040000001', 7000, 'Kas Keluar', 'Admin'),
	('2018-09-29', 'Angsuran Pokok No Rek 2010000003', 500000, 'Kas Masuk', 'Admin'),
	('2018-09-29', 'Angsuran Bagi Hasil No Rek 2010000003', 10000, 'Kas Masuk', 'Admin'),
	('2018-10-06', 'Pendapatan Pendaftaran No Anggota 21321312', 100000, 'Kas Masuk', 'Admin'),
	('2018-10-06', 'Pencairan Pembiayaan No Rek 2020000002', 9000000, 'Kas Keluar', 'Admin'),
	('2018-10-06', 'Pendapatan ADM Pembiayaan No Rek 2020000002', 200000, 'Kas Masuk', 'Admin'),
	('2018-10-06', 'Angsuran Pokok No Rek 2020000002', 2250000, 'Kas Masuk', 'Admin'),
	('2018-10-06', 'Angsuran Bagi Hasil No Rek 2020000002', 200000, 'Kas Masuk', 'Admin');
/*!40000 ALTER TABLE `transaksi` ENABLE KEYS */;

-- Dumping structure for table bmtmasega.transpembiayaan
CREATE TABLE IF NOT EXISTS `transpembiayaan` (
  `norekening` varchar(50) NOT NULL,
  `kodeanggota` varchar(50) NOT NULL,
  `notrans` varchar(50) NOT NULL,
  `tgl` date NOT NULL,
  `keterangan` varchar(50) NOT NULL,
  `pokok` double(10,2) NOT NULL,
  `basil` double(10,2) NOT NULL,
  `sisapokok` double(10,2) NOT NULL,
  `muser` varchar(100) NOT NULL
) ENGINE=MyISAM DEFAULT CHARSET=latin1 ROW_FORMAT=DYNAMIC;

-- Dumping data for table bmtmasega.transpembiayaan: 4 rows
/*!40000 ALTER TABLE `transpembiayaan` DISABLE KEYS */;
INSERT INTO `transpembiayaan` (`norekening`, `kodeanggota`, `notrans`, `tgl`, `keterangan`, `pokok`, `basil`, `sisapokok`, `muser`) VALUES
	('2020000001', '01-LT-101352', '0000002', '2018-09-29', 'Angsuran : Angsuran Ke 2', 833333.33, 100000.00, 8333333.34, 'Admin'),
	('2020000001', '01-LT-101352', '0000001', '2018-09-29', 'Angsuran : Angsuran1', 833333.33, 100000.00, 9166666.67, 'Admin'),
	('2010000003', '1123', '0000003', '2018-09-29', 'Angsuran : setor', 500000.00, 10000.00, 1500000.00, 'Admin'),
	('2020000002', '21321312', '0000004', '2018-10-06', 'Angsuran : nnn', 2250000.00, 200000.00, 6750000.00, 'Admin');
/*!40000 ALTER TABLE `transpembiayaan` ENABLE KEYS */;

-- Dumping structure for table bmtmasega.transsimpanan
CREATE TABLE IF NOT EXISTS `transsimpanan` (
  `norekening` varchar(50) NOT NULL,
  `kodeanggota` varchar(50) NOT NULL,
  `notrans` varchar(50) NOT NULL,
  `tgl` date NOT NULL,
  `keterangan` varchar(50) NOT NULL,
  `debet` double(10,2) NOT NULL,
  `kredit` double(10,2) NOT NULL,
  `saldo` double(10,2) NOT NULL,
  `muser` varchar(100) NOT NULL
) ENGINE=MyISAM DEFAULT CHARSET=latin1;

-- Dumping data for table bmtmasega.transsimpanan: 7 rows
/*!40000 ALTER TABLE `transsimpanan` DISABLE KEYS */;
INSERT INTO `transsimpanan` (`norekening`, `kodeanggota`, `notrans`, `tgl`, `keterangan`, `debet`, `kredit`, `saldo`, `muser`) VALUES
	('1020000002', '01-LT-101325', '0000004', '2018-09-29', 'Setoran : ', 0.00, 2000000.00, 2000000.00, 'Admin'),
	('1040000002', '01-LT-101348', '0000003', '2018-09-29', 'Setoran : ', 0.00, 100000.00, 900000.00, 'Admin'),
	('1040000002', '01-LT-101348', '0000002', '2018-09-29', 'Penarikan : ', 200000.00, 0.00, 800000.00, 'Admin'),
	('1040000002', '01-LT-101348', '0000001', '2018-09-29', 'Setoran : ', 0.00, 1000000.00, 1000000.00, 'Admin'),
	('1010000003', '01-LT-101348', '0000005', '2018-09-29', 'Setoran : ', 0.00, 200000.00, 200000.00, 'Admin'),
	('1040000001', '01-LT-101325', '0000006', '2018-09-29', 'Setoran : Setoran', 0.00, 67000.00, 67000.00, 'Admin'),
	('1040000001', '01-LT-101325', '0000007', '2018-09-29', 'Penarikan : Tarik', 7000.00, 0.00, 60000.00, 'Admin');
/*!40000 ALTER TABLE `transsimpanan` ENABLE KEYS */;

-- Dumping structure for trigger bmtmasega.transpembiayaan_after_insert
SET @OLDTMP_SQL_MODE=@@SQL_MODE, SQL_MODE='NO_ENGINE_SUBSTITUTION';
DELIMITER //
CREATE TRIGGER `transpembiayaan_after_insert` AFTER INSERT ON `transpembiayaan` FOR EACH ROW BEGIN
UPDATE pembiayaan SET pembiayaan.sisaplapon=pembiayaan.sisaplapon-new.pokok WHERE pembiayaan.norekpembiayaan=new.norekening;
END//
DELIMITER ;
SET SQL_MODE=@OLDTMP_SQL_MODE;

-- Dumping structure for trigger bmtmasega.transsimpanan_after_insert
SET @OLDTMP_SQL_MODE=@@SQL_MODE, SQL_MODE='NO_ENGINE_SUBSTITUTION';
DELIMITER //
CREATE TRIGGER `transsimpanan_after_insert` AFTER INSERT ON `transsimpanan` FOR EACH ROW BEGIN
update simpanan set saldo=saldo-new.debet+new.kredit where noreksimpanan=new.norekening;
END//
DELIMITER ;
SET SQL_MODE=@OLDTMP_SQL_MODE;

/*!40101 SET SQL_MODE=IFNULL(@OLD_SQL_MODE, '') */;
/*!40014 SET FOREIGN_KEY_CHECKS=IF(@OLD_FOREIGN_KEY_CHECKS IS NULL, 1, @OLD_FOREIGN_KEY_CHECKS) */;
/*!40101 SET CHARACTER_SET_CLIENT=@OLD_CHARACTER_SET_CLIENT */;
